data,comune,provincia,titolo,inserzionista,telefono,url,cercato,estratto,Contatto,Esito verifica sito,Esito DM
2026-09-08,Pieve Fissiraga,LO,Bar e ristorazione,,,https://www.subito.it/offerte-lavoro/bar-e-ristorazione-lodi-660000370.htm,subito:nuova apertura,"📢 STIAMO CERCANDO NUOVI COLLABORATORI! Per l’apertura della nostra nuova attività, stiamo ampliando il team e cerchiamo persone motivate, dinamiche e con voglia",solo chat Subito,anonimo: niente da verificare,DA CONTATTARE
2026-09-08,Milano,MI,Cuoco/consulente,jmm srl,3474783367,https://www.subito.it/offerte-lavoro/cuoco-consulente-milano-659000999.htm,subito:nuova apertura,"AZIENDA DI RISTORAZIONE A MILANO CERCA PER APERTURA DI NUOVO RISTORANTE IN CENTRO CITTA', UN ESPERTO DI CUCINA MESSICANA/PERUVIANA PER RAPPORTO DI ASSUNZIONE O ",tel 3474783367 · jmmsrl85@gmail.com,"gruppo ristorazione 2,1 M€ (Rugantino, via dei Fabbri); sito del nuovo locale non esiste",DA CONTATTARE
2026-09-08,Milano,MI,Addetto/a per nuovo locale - Milano,La Pizzetteria,,https://www.subito.it/offerte-lavoro/addetto-a-per-nuovo-locale-milano-milano-652082524.htm,subito:nuova apertura,"Per nuova apertura a Milano, in zona Piazzale Baracca / Corso Vercelli, cerchiamo una persona da inserire nel nostro locale a partire da settembre 2026. Il lavo",IG @la_pizzetteria_ · chat Subito,"cercato WebSearch + IG/FB → nessun sito, IG trovato",DA CONTATTARE
2026-09-08,Monza,MB,Parrucchiere con qualifica,Lakicerciello Cerciello,,https://www.subito.it/offerte-lavoro/parrucchiere-con-qualifica-monza-659879392.htm,subito:nuova apertura,Cercasi parrucchiere/parrucchiera qualificato per nuova apertura salone in Monza,solo chat Subito,anonimo: niente da verificare,DA CONTATTARE
2026-09-07,Vigevano,PV,Barista/cameriera,Bar caiazzo,,https://www.subito.it/offerte-lavoro/barista-cameriera-pavia-659873539.htm,subito:nuova apertura,"Cercasi per nuova apertura bar in Vigevano (pv) Barista / cameriera su giornata spezzata , massimo 30 anni con un minimo di esperienza","FB/IG @caffecaiazzo · tel 342 036 2294 (attività esistente, Via Gravellona 23)","cercato WebSearch → solo FB/IG/directory, nessun sito",DA CONTATTARE
2026-09-07,Desio,MB,Cuoco e addetto alla brace,,,https://www.subito.it/offerte-lavoro/cuoco-e-addetto-alla-brace-monza-659758503.htm,subito:nuova apertura,"🍴 NUOVA APERTURA – ZONA DESIO Cerchiamo CUOCO/A per il pranzo e CUOCO/A ESPERTO/A ALLA BRACE Richiesta esperienza, serietà e voglia di entrare a far parte di un",solo chat Subito,anonimo: niente da verificare,DA CONTATTARE
2026-09-04,Cantu',CO,Personale Bar,,3714603996,https://www.subito.it/offerte-lavoro/personale-bar-como-659550020.htm,subito:prossima apertura,"Cerco persona da inserire per prossima apertura a cantù, orario piu o meno 12:30-21:30 contratto indeterminato. Inviare curriculum 3714603996 francesco",tel 3714603996 Francesco,nome attività ignoto: non verificabile,DA CONTATTARE
2026-09-04,Brescia,BS,Parrucchiera,j.olga parrucchieri,,https://www.subito.it/offerte-lavoro/parrucchiera-brescia-659506281.htm,subito:in apertura,"J.Olga Parrucchieri amplia il suo team! Offriamo stipendi sopra la media, condizioni economiche vantaggiose, orari flessibili e diverse tipologie di contratto. ",—,J.Olga: aperto da 14 anni,falso positivo
2026-09-02,Cazzago San Martino,BS,Cameriera/e,,,https://www.subito.it/offerte-lavoro/cameriera-e-brescia-659250198.htm,subito:in apertura,Il locale serale Red Moon in apertura a Cazzago San Martino cerca una figura di Sala part-time da inserire nel proprio organico anche senza esperienza. Perfetto,solo chat Subito,cercato WebSearch + IG/FB → niente (Red Moon Cesana è un altro),DA CONTATTARE
2026-08-28,Milano,MI,Cameriere di sala,NO LIMITS di Avetisyan Haykaram & C. S.a.s,,https://www.subito.it/offerte-lavoro/cameriere-di-sala-milano-658632987.htm,subito:nuova apertura,"Siamo La pizzeria, una nuova apertura in zona Maggiolina! Cerchiamo con urgenza una figura di cameriere/a a 30 ore settimanali che ci possa supportare nel servi",solo chat Subito,cercato WebSearch + IG/FB → niente,DA CONTATTARE
2026-08-27,Vimodrone,MI,INSEGNATE PILATES/REFORMER,,,https://www.subito.it/offerte-lavoro/insegnate-pilates-reformer-milano-658562463.htm,subito:nuova apertura,"INSEGNANTE PILATES / REFORMER / YOGA E OSTEOPATA Human Performance Studio, nuovo studio dedicato a Training, Pilates e Performance, in apertura a novembre 2026 ",solo chat Subito (apre nov 2026),cercato WebSearch + IG/FB → niente,DA CONTATTARE
2026-08-27,Brescia,BS,Team Leader Sales per il centro formativo di Bresc,davante corsi cef,,https://www.subito.it/offerte-lavoro/team-leader-sales-per-il-centro-formativo-di-bresc-brescia-658511787.htm,subito:nuova apertura,"Davante Corsi CEF è una realtà di riferimento nel settore della formazione in Spagna, Portogallo e Italia che ha aiutato più di 1.000.000 di persone nello svilu",—,Davante CEF: corporate,fuori target
2026-08-25,Crema,CR,Sala / cucina,Da Filippo,,https://www.subito.it/offerte-lavoro/sala-cucina-cremona-658314284.htm,subito:nuova apertura,"? CERCHIAMO PERSONALE A CREMA In vista dell'apertura del nuovo locale alle porte di Crema, siamo alla ricerca di nuove persone da inserire nel team. Se hai pass",solo chat Subito,cercato WebSearch → dafilipposrls.com indicizzato ma DNS morto,DA CONTATTARE
2026-08-25,Milano,MI,Membership consultant,Leda ssd arl,3474200020,https://www.subito.it/offerte-lavoro/membership-consultant-milano-652495850.htm,subito:nuova apertura,"Cerco per Palestra FITLEVEL realtà solida e strutturata a Bruzzano,un/una commerciale con voglia di Crescere. E' una possibilità incredibile, in funzione anche ",tel 3474200020 · 02 66200247,fitlevel.it vivo + IG @fitlevel_palestreacerbi,SCARTATO: sito vivo
2026-08-25,Brescia,BS,Cuoco Capo partita ,,,https://www.subito.it/offerte-lavoro/cuoco-capo-partita-brescia-658295600.htm,subito:nuova apertura,"Il Babì Bistrot, di prossima apertura in Piazza Duomo a Brescia, è una nuova realtà che offre cucina etnica ivoriana contemporanea. Selezioniamo una figura prof",solo chat Subito,cercato WebSearch + IG/FB → niente (Bistrot Duomo è un altro),DA CONTATTARE
2026-08-24,Brescia,BS,Apprendista part tima,Ncaposaconsulting,,https://www.subito.it/offerte-lavoro/apprendista-part-tima-brescia-658185712.htm,subito:prossima apertura,Cerco Ragazza da inserire in hamburgheria .PROSSIMA APERTURA A BRESCIA ZONA NORD. Inizialmente part-time più in la si valuta il full,solo chat Subito,anonimo: niente da verificare,DA CONTATTARE
2026-08-19,Cantu',CO,venditore auto,,,https://www.subito.it/offerte-lavoro/venditore-auto-como-657635265.htm,subito:nuova apertura,"NUOVA APERTURA A CANTÙ – CERCHIAMO COLLABORATORE Per nuova apertura nel settore automobilistico a Cantù, cerchiamo professionista con Partita IVA per attività d",solo chat Subito,anonimo: niente da verificare,DA CONTATTARE
2026-08-19,San Fermo della Battaglia,CO,Agente/venditore,saglio massimo,,https://www.subito.it/offerte-lavoro/agente-venditore-como-657696533.htm,subito:prossima apertura,"LARIO OSMOTIC RICERCA AGENTE / VENDITORE In vista della prossima apertura, Lario Osmotic ricerca per Como e provincia AGENTE / VENDITORE PLURIMANDATARIO CON P.I",info@lariosmotic.com (dominio non risolve),B2B trattamento acqua,fuori target
2026-08-14,Madesimo,SO,Personale Alberghiero,leonidaion srl,,https://www.subito.it/offerte-lavoro/personale-alberghiero-sondrio-657217491.htm,subito:nuova apertura,Cercasi personale per nuova apertura Hotel a Madesimo (SO) - Manutentori - Camerieri di Sala e Bar - Addetti al Ricevimento - Cuochi - Lavapiatti - Personale ai,solo chat Subito,"probabile Madesan Alpes (madesan.it in manutenzione), brand internazionale",fuori target
2026-08-11,Milano,MI,Pizzaiolo per nuova apertura,La Cala srl,,https://www.subito.it/offerte-lavoro/pizzaiolo-per-nuova-apertura-milano-656985031.htm,subito:nuova apertura,"Pizzeria in Milano zona porta Romana/ Centro ricerca pizzaiolo, possibilmente automunito per future nuove aperture.",—,"La Cala: ristorante esistente, sito non trovato",non è un'apertura
2026-08-10,Milano,MI,Addetti alla cassa,aroma caffe',,https://www.subito.it/offerte-lavoro/addetti-alla-cassa-milano-656860897.htm,subito:nuova apertura,Per nuova apertura siamo alla ricerca di 2 addette alla cassa La risorsa si occupera' di Gestione della cassa e dei pagamenti Accoglienza ed assistenza alla cli,solo chat Subito,"cercato WebSearch → Aroma Caffe Affori su Tripadvisor, nessun sito",DA CONTATTARE
2026-08-10,Milano,MI,Addetti alla griglia,aroma caffe',,https://www.subito.it/offerte-lavoro/addetti-alla-griglia-milano-656859935.htm,subito:nuova apertura,"Per nuova apertura siamo alla ricerca di 3 addetti alla griglia sede di lavoro MILANO La risorsa si occupera' di carne ed altri prodotti alla griglia, preparazi",solo chat Subito,doppione di Addetti alla cassa,doppione
