Account IG,Nome attivita,Comune (prov),Segmento,Follower,Gancio (1-6),Esito verifica sito,DM inviato (data),Esito DM,Messaggio,Scheda
@manomortatattoo,Manomorta Tattoo,Bergamo (BG),Tattoo,n.d.,3,manomortatattoo.com risponde HTTP 500 con la scritta «Database Error»,,,"Buongiorno, sono Patrick Sappa — ho una piccola software house a Seveso, DenkiCode.

Le scrivo perché ho guardato il profilo di Manomorta Tattoo e manomortatattoo.com non apre il suo sito: risponde con un errore del database.

Le sue foto erano già metà del lavoro: l'altra metà l'ho fatta io. La bozza del suo sito è già pronta, con le sue immagini e il suo nome — non deve scrivere testi, non deve mandarmi materiale, non deve decidere niente.

Gliela mando qui, la guarda con calma, e se non le piace me lo dice e non ci sentiamo più. Non le costa un euro e non la impegna a niente.

Sul costo non le faccio girare la testa: se poi decidesse di metterlo online, si parla di poche centinaia di euro una volta — non di migliaia — più una quota annuale per tenerlo attivo. Il numero preciso glielo faccio solo se la cosa le interessa davvero.

Gliela mando?","Via Angelo Maj 14/A, Bergamo - tel. 345 8786089, info@manomortatattoo.com. Walk-in accettati.
⚠ Verificato il 5 settembre 2026: il dominio risolve, il server risponde 500 e la pagina dice solo «Database Error». Esiste anche un vecchio manomortatattoopar.wixsite.com. Nel messaggio si dice il fatto, non il giudizio."
@ilbarberking,Barber King,Bergamo (BG),Barber,n.d.,1,"Nessun sito: ha un'app su Google Play e Fresha, ma nessun dominio proprio",,,"Buongiorno, sono Patrick Sappa — ho una piccola software house a Seveso, DenkiCode.

Le scrivo perché ho guardato il profilo di Barber King e su Google non trovo un suo sito: c'è Instagram, ci sono le schede degli altri, ma un sito suo no.

Le sue foto erano già metà del lavoro: l'altra metà l'ho fatta io. La bozza del suo sito è già pronta, con le sue immagini e il suo nome — non deve scrivere testi, non deve mandarmi materiale, non deve decidere niente.

Gliela mando qui, la guarda con calma, e se non le piace me lo dice e non ci sentiamo più. Non le costa un euro e non la impegna a niente.

Sul costo non le faccio girare la testa: se poi decidesse di metterlo online, si parla di poche centinaia di euro una volta — non di migliaia — più una quota annuale per tenerlo attivo. Il numero preciso glielo faccio solo se la cosa le interessa davvero.

Gliela mando?","Via Promessi Sposi 19/B, Bergamo (Villaggio degli Sposi) - tel. 351 7736361.
Verificato il 5 settembre 2026: prenotazioni via app it.barberking.app e Fresha. Nessun sito."
@carusobarbershop_bg,Caruso Barber Shop,Bergamo (BG),Barber,n.d.,2,Dominio morto: carusobarbershop.it non risolve piu su nessuno dei due resolver,,,"Buongiorno, sono Patrick Sappa — ho una piccola software house a Seveso, DenkiCode.

Le scrivo perché ho guardato il profilo di Caruso Barber Shop e il dominio carusobarbershop.it, che compare ancora nelle ricerche, non si apre più.

Le sue foto erano già metà del lavoro: l'altra metà l'ho fatta io. La bozza del suo sito è già pronta, con le sue immagini e il suo nome — non deve scrivere testi, non deve mandarmi materiale, non deve decidere niente.

Gliela mando qui, la guarda con calma, e se non le piace me lo dice e non ci sentiamo più. Non le costa un euro e non la impegna a niente.

Sul costo non le faccio girare la testa: se poi decidesse di metterlo online, si parla di poche centinaia di euro una volta — non di migliaia — più una quota annuale per tenerlo attivo. Il numero preciso glielo faccio solo se la cosa le interessa davvero.

Gliela mando?","Via Borgo Santa Caterina 61/A, Bergamo - tel. 035 0160947. Martedi-sabato 9-19.
⚠ Verificato il 5 settembre 2026: carusobarbershop.it e NXDOMAIN su Google (8.8.8.8) e Cloudflare (1.1.1.1). Le pagine carusobarbershop.it e /cart compaiono ancora nei risultati di ricerca: il sito c'era, il dominio non c'e piu."
@nail_area_bergamo,Nail Area,Bergamo (BG),Nail,n.d.,1,Nessun sito: solo Fresha e Facebook,,,"Buongiorno, sono Patrick Sappa — ho una piccola software house a Seveso, DenkiCode.

Le scrivo perché ho guardato il profilo di Nail Area e su Google non trovo un suo sito: c'è Instagram, ci sono le schede degli altri, ma un sito suo no.

Le sue foto erano già metà del lavoro: l'altra metà l'ho fatta io. La bozza del suo sito è già pronta, con le sue immagini e il suo nome — non deve scrivere testi, non deve mandarmi materiale, non deve decidere niente.

Gliela mando qui, la guarda con calma, e se non le piace me lo dice e non ci sentiamo più. Non le costa un euro e non la impegna a niente.

Sul costo non le faccio girare la testa: se poi decidesse di metterlo online, si parla di poche centinaia di euro una volta — non di migliaia — più una quota annuale per tenerlo attivo. Il numero preciso glielo faccio solo se la cosa le interessa davvero.

Gliela mando?","Via G. Camozzi 134, Bergamo - tel. 389 5032334. Lun-sab 8:30-20.
Verificato il 5 settembre 2026: nessun dominio proprio."
@island_of_nails,Island of Nails,Bergamo (BG),Nail,n.d.,1,Nessun sito: solo Fresha e Facebook,,,"Buongiorno, sono Patrick Sappa — ho una piccola software house a Seveso, DenkiCode.

Le scrivo perché ho guardato il profilo di Island of Nails e su Google non trovo un suo sito: c'è Instagram, ci sono le schede degli altri, ma un sito suo no.

Le sue foto erano già metà del lavoro: l'altra metà l'ho fatta io. La bozza del suo sito è già pronta, con le sue immagini e il suo nome — non deve scrivere testi, non deve mandarmi materiale, non deve decidere niente.

Gliela mando qui, la guarda con calma, e se non le piace me lo dice e non ci sentiamo più. Non le costa un euro e non la impegna a niente.

Sul costo non le faccio girare la testa: se poi decidesse di metterlo online, si parla di poche centinaia di euro una volta — non di migliaia — più una quota annuale per tenerlo attivo. Il numero preciso glielo faccio solo se la cosa le interessa davvero.

Gliela mando?","Via Antonio Vivaldi 21, Bergamo. Manicure, pedicure, extension.
Verificato il 5 settembre 2026: nessun dominio proprio nei risultati."
@kokonail_centroestetico,Koko Nail,Bergamo (BG),Estetica/nail,n.d.,1,"Nessun sito: solo Fresha, Facebook e PagineGialle",,,"Buongiorno, sono Patrick Sappa — ho una piccola software house a Seveso, DenkiCode.

Le scrivo perché ho guardato il profilo di Koko Nail e su Google non trovo un suo sito: c'è Instagram, ci sono le schede degli altri, ma un sito suo no.

Le sue foto erano già metà del lavoro: l'altra metà l'ho fatta io. La bozza del suo sito è già pronta, con le sue immagini e il suo nome — non deve scrivere testi, non deve mandarmi materiale, non deve decidere niente.

Gliela mando qui, la guarda con calma, e se non le piace me lo dice e non ci sentiamo più. Non le costa un euro e non la impegna a niente.

Sul costo non le faccio girare la testa: se poi decidesse di metterlo online, si parla di poche centinaia di euro una volta — non di migliaia — più una quota annuale per tenerlo attivo. Il numero preciso glielo faccio solo se la cosa le interessa davvero.

Gliela mando?","Via Borgo Palazzo 33/A, Bergamo - tel. 351 5968288. Lun-sab 9-20, dom 10-19.
Verificato il 5 settembre 2026: nessun dominio proprio."
@nailnailbergamo,Nail Nail,Bergamo (BG),Nail,n.d.,1,Nessun sito: solo Fresha e directory,,,"Buongiorno, sono Patrick Sappa — ho una piccola software house a Seveso, DenkiCode.

Le scrivo perché ho guardato il profilo di Nail Nail e su Google non trovo un suo sito: c'è Instagram, ci sono le schede degli altri, ma un sito suo no.

Le sue foto erano già metà del lavoro: l'altra metà l'ho fatta io. La bozza del suo sito è già pronta, con le sue immagini e il suo nome — non deve scrivere testi, non deve mandarmi materiale, non deve decidere niente.

Gliela mando qui, la guarda con calma, e se non le piace me lo dice e non ci sentiamo più. Non le costa un euro e non la impegna a niente.

Sul costo non le faccio girare la testa: se poi decidesse di metterlo online, si parla di poche centinaia di euro una volta — non di migliaia — più una quota annuale per tenerlo attivo. Il numero preciso glielo faccio solo se la cosa le interessa davvero.

Gliela mando?","Largo Porta Nuova 12 e Via Sant'Alessandro 2, Bergamo - tel. 366 4300977. Aperto anche la domenica.
Verificato il 5 settembre 2026: due sedi, nessun dominio proprio."
@simonazhou123,ZH Nail Studio,Bergamo (BG),Nail,n.d.,1,"Nessun sito: solo Fresha, PagineGialle e Hotfrog",,,"Buongiorno, sono Patrick Sappa — ho una piccola software house a Seveso, DenkiCode.

Le scrivo perché ho guardato il profilo di ZH Nail Studio e su Google non trovo un suo sito: c'è Instagram, ci sono le schede degli altri, ma un sito suo no.

Le sue foto erano già metà del lavoro: l'altra metà l'ho fatta io. La bozza del suo sito è già pronta, con le sue immagini e il suo nome — non deve scrivere testi, non deve mandarmi materiale, non deve decidere niente.

Gliela mando qui, la guarda con calma, e se non le piace me lo dice e non ci sentiamo più. Non le costa un euro e non la impegna a niente.

Sul costo non le faccio girare la testa: se poi decidesse di metterlo online, si parla di poche centinaia di euro una volta — non di migliaia — più una quota annuale per tenerlo attivo. Il numero preciso glielo faccio solo se la cosa le interessa davvero.

Gliela mando?","Via Borgo Palazzo 32/34, Bergamo - tel. 327 7023063. Unghie, ciglia, ceretta, pulizia viso.
Verificato il 5 settembre 2026: nessun dominio proprio."
@ronny_parrucchieri,Ronny Parrucchieri,Dalmine (BG),Parrucchieri,n.d.,6,Sito vivo ma fermo: ronnyparrucchieri.it e ancora al 2022,,,"Buongiorno, sono Patrick Sappa — ho una piccola software house a Seveso, DenkiCode.

Le scrivo perché ho guardato il profilo di Ronny Parrucchieri e il suo sito c'è, ma è fermo al 2022.

Le sue foto erano già metà del lavoro: l'altra metà l'ho fatta io. La bozza del suo sito è già pronta, con le sue immagini e il suo nome — non deve scrivere testi, non deve mandarmi materiale, non deve decidere niente.

Gliela mando qui, la guarda con calma, e se non le piace me lo dice e non ci sentiamo più. Non le costa un euro e non la impegna a niente.

Sul costo non le faccio girare la testa: se poi decidesse di metterlo online, si parla di poche centinaia di euro una volta — non di migliaia — più una quota annuale per tenerlo attivo. Il numero preciso glielo faccio solo se la cosa le interessa davvero.

Gliela mando?","Viale A. Locatelli 105/108, Dalmine - tel. 035 564002 / 351 5307744. Unisex, oltre 40 anni di attivita.
Verificato il 5 settembre 2026: ronnyparrucchieri.it risponde 200, pagina di 42 KB, l'anno piu recente nel testo e il 2022. Il gancio e l'anno, non il giudizio."
@boutiquedellabellezza.dalmine,Boutique della Bellezza,Dalmine (BG),Estetica/parrucchieri,n.d.,6,"Sito vivo ma fermo: tema Divi 4.6.6 del 2020, copyright 2020",,,"Buongiorno, sono Patrick Sappa — ho una piccola software house a Seveso, DenkiCode.

Le scrivo perché ho guardato il profilo di Boutique della Bellezza e il suo sito c'è, ma è fermo al 2020.

Le sue foto erano già metà del lavoro: l'altra metà l'ho fatta io. La bozza del suo sito è già pronta, con le sue immagini e il suo nome — non deve scrivere testi, non deve mandarmi materiale, non deve decidere niente.

Gliela mando qui, la guarda con calma, e se non le piace me lo dice e non ci sentiamo più. Non le costa un euro e non la impegna a niente.

Sul costo non le faccio girare la testa: se poi decidesse di metterlo online, si parla di poche centinaia di euro una volta — non di migliaia — più una quota annuale per tenerlo attivo. Il numero preciso glielo faccio solo se la cosa le interessa davvero.

Gliela mando?","Via A. Manzoni 14-18, Dalmine - tel. 348 1114658 (estetica) / 035 561394 (parrucchiere), info@boutiquedellabellezza.com.
Verificato il 5 settembre 2026: boutiquedellabellezza.com gira su Divi v.4.6.6, versione uscita nel 2020, e l'anno piu ricorrente nella pagina e il 2020."
@ilsalonediandrea,Il Salone di Andrea,Dalmine (BG),Parrucchieri,n.d.,2,Dominio morto: ilsalonediandrea.it non risolve piu,,,"Buongiorno, sono Patrick Sappa — ho una piccola software house a Seveso, DenkiCode.

Le scrivo perché ho guardato il profilo di Il Salone di Andrea e il dominio ilsalonediandrea.it, che compare ancora nelle ricerche, non si apre più.

Le sue foto erano già metà del lavoro: l'altra metà l'ho fatta io. La bozza del suo sito è già pronta, con le sue immagini e il suo nome — non deve scrivere testi, non deve mandarmi materiale, non deve decidere niente.

Gliela mando qui, la guarda con calma, e se non le piace me lo dice e non ci sentiamo più. Non le costa un euro e non la impegna a niente.

Sul costo non le faccio girare la testa: se poi decidesse di metterlo online, si parla di poche centinaia di euro una volta — non di migliaia — più una quota annuale per tenerlo attivo. Il numero preciso glielo faccio solo se la cosa le interessa davvero.

Gliela mando?","Viale Natale Betelli 58 / Via Cesare Battisti 5, Dalmine - tel. 035 566369. Uomo e donna, trattamenti anticaduta.
⚠ Verificato il 5 settembre 2026: ilsalonediandrea.it e NXDOMAIN su Google e Cloudflare, ma e ancora indicato come sito ufficiale nei risultati di ricerca e nelle directory."
@magicmomentacc,Acconciature Lorella - Magic Moment,Seriate (BG),Parrucchieri,19000,1,"Nessun sito: solo Fresha, Facebook, Yelp e directory",,,"Buongiorno, sono Patrick Sappa — ho una piccola software house a Seveso, DenkiCode.

Le scrivo perché ho guardato il profilo di Acconciature Lorella - Magic Moment e su Google non trovo un suo sito: c'è Instagram, ci sono le schede degli altri, ma un sito suo no.

Le sue foto erano già metà del lavoro: l'altra metà l'ho fatta io. La bozza del suo sito è già pronta, con le sue immagini e il suo nome — non deve scrivere testi, non deve mandarmi materiale, non deve decidere niente.

Gliela mando qui, la guarda con calma, e se non le piace me lo dice e non ci sentiamo più. Non le costa un euro e non la impegna a niente.

Sul costo non le faccio girare la testa: se poi decidesse di metterlo online, si parla di poche centinaia di euro una volta — non di migliaia — più una quota annuale per tenerlo attivo. Il numero preciso glielo faccio solo se la cosa le interessa davvero.

Gliela mando?","Via G. Marconi 63 (e Via Brusaporto 4/B), Seriate - tel. 035 297648. Extension, colore, spose, make-up.
Verificato il 5 settembre 2026: 19.000 follower su Instagram e nessun sito. È la riga con il divario piu grande della lista fra pubblico e presenza web."
@rosy_suiteacconciature,Rosy Suite Acconciature,Seriate (BG),Parrucchieri,5829,1,Nessun sito: solo Instagram e un profilo LinkedIn,,,"Buongiorno, sono Patrick Sappa — ho una piccola software house a Seveso, DenkiCode.

Le scrivo perché ho guardato il profilo di Rosy Suite Acconciature e su Google non trovo un suo sito: c'è Instagram, ci sono le schede degli altri, ma un sito suo no.

Le sue foto erano già metà del lavoro: l'altra metà l'ho fatta io. La bozza del suo sito è già pronta, con le sue immagini e il suo nome — non deve scrivere testi, non deve mandarmi materiale, non deve decidere niente.

Gliela mando qui, la guarda con calma, e se non le piace me lo dice e non ci sentiamo più. Non le costa un euro e non la impegna a niente.

Sul costo non le faccio girare la testa: se poi decidesse di metterlo online, si parla di poche centinaia di euro una volta — non di migliaia — più una quota annuale per tenerlo attivo. Il numero preciso glielo faccio solo se la cosa le interessa davvero.

Gliela mando?","Via G. Marconi 46, Seriate - tel./WhatsApp 035 301641. Specialista colore e biondi, educator Goldwell.
Verificato il 5 settembre 2026: nessun dominio proprio nei risultati."
@lavie_hair_nails_spa,La Vie Hair - Nails - Spa,Seriate (BG),Estetica/parrucchieri,277,1,Nessun sito: solo Fresha e Facebook,,,"Buongiorno, sono Patrick Sappa — ho una piccola software house a Seveso, DenkiCode.

Le scrivo perché ho guardato il profilo di La Vie Hair - Nails - Spa e su Google non trovo un suo sito: c'è Instagram, ci sono le schede degli altri, ma un sito suo no.

Le sue foto erano già metà del lavoro: l'altra metà l'ho fatta io. La bozza del suo sito è già pronta, con le sue immagini e il suo nome — non deve scrivere testi, non deve mandarmi materiale, non deve decidere niente.

Gliela mando qui, la guarda con calma, e se non le piace me lo dice e non ci sentiamo più. Non le costa un euro e non la impegna a niente.

Sul costo non le faccio girare la testa: se poi decidesse di metterlo online, si parla di poche centinaia di euro una volta — non di migliaia — più una quota annuale per tenerlo attivo. Il numero preciso glielo faccio solo se la cosa le interessa davvero.

Gliela mando?","Viale Italia 81, Seriate - tel. 338 2287838. Capelli, unghie e spa.
Verificato il 5 settembre 2026: nessun dominio proprio."
@oscarmirko_parrucchieri,Oscar e Mirko,Seriate (BG),Parrucchieri,n.d.,1,"Nessun sito: solo Fresha, Facebook e TikTok",,,"Buongiorno, sono Patrick Sappa — ho una piccola software house a Seveso, DenkiCode.

Le scrivo perché ho guardato il profilo di Oscar e Mirko e su Google non trovo un suo sito: c'è Instagram, ci sono le schede degli altri, ma un sito suo no.

Le sue foto erano già metà del lavoro: l'altra metà l'ho fatta io. La bozza del suo sito è già pronta, con le sue immagini e il suo nome — non deve scrivere testi, non deve mandarmi materiale, non deve decidere niente.

Gliela mando qui, la guarda con calma, e se non le piace me lo dice e non ci sentiamo più. Non le costa un euro e non la impegna a niente.

Sul costo non le faccio girare la testa: se poi decidesse di metterlo online, si parla di poche centinaia di euro una volta — non di migliaia — più una quota annuale per tenerlo attivo. Il numero preciso glielo faccio solo se la cosa le interessa davvero.

Gliela mando?","Via Paderno 25/H, Seriate - dal 1985, parrucchiere e centro estetico, zio e nipote. 114 recensioni.
Verificato il 5 settembre 2026: nessun dominio proprio."
@nailsmaniabergamo,Nailsmania,Seriate (BG),Nail,n.d.,2,Dominio morto: nailsmania.net non risolve piu,,,"Buongiorno, sono Patrick Sappa — ho una piccola software house a Seveso, DenkiCode.

Le scrivo perché ho guardato il profilo di Nailsmania e il dominio nailsmania.net, che compare ancora nelle ricerche, non si apre più.

Le sue foto erano già metà del lavoro: l'altra metà l'ho fatta io. La bozza del suo sito è già pronta, con le sue immagini e il suo nome — non deve scrivere testi, non deve mandarmi materiale, non deve decidere niente.

Gliela mando qui, la guarda con calma, e se non le piace me lo dice e non ci sentiamo più. Non le costa un euro e non la impegna a niente.

Sul costo non le faccio girare la testa: se poi decidesse di metterlo online, si parla di poche centinaia di euro una volta — non di migliaia — più una quota annuale per tenerlo attivo. Il numero preciso glielo faccio solo se la cosa le interessa davvero.

Gliela mando?","Via Dante 66, Seriate. Ricostruzione unghie mani e piedi, lavora con medici e podologi, fa anche corsi.
⚠ Verificato il 5 settembre 2026: nailsmania.net e NXDOMAIN su entrambi i resolver, ma la pagina nailsmania.net/altri-servizi/corsi/ compare ancora nei risultati di ricerca."
@centro_sole_estetica,Centro Estetico Sole,Romano di Lombardia (BG),Estetica,1594,1,"Nessun sito: solo Facebook, Virgilio e PagineBianche",,,"Buongiorno, sono Patrick Sappa — ho una piccola software house a Seveso, DenkiCode.

Le scrivo perché ho guardato il profilo di Centro Estetico Sole e su Google non trovo un suo sito: c'è Instagram, ci sono le schede degli altri, ma un sito suo no.

Le sue foto erano già metà del lavoro: l'altra metà l'ho fatta io. La bozza del suo sito è già pronta, con le sue immagini e il suo nome — non deve scrivere testi, non deve mandarmi materiale, non deve decidere niente.

Gliela mando qui, la guarda con calma, e se non le piace me lo dice e non ci sentiamo più. Non le costa un euro e non la impegna a niente.

Sul costo non le faccio girare la testa: se poi decidesse di metterlo online, si parla di poche centinaia di euro una volta — non di migliaia — più una quota annuale per tenerlo attivo. Il numero preciso glielo faccio solo se la cosa le interessa davvero.

Gliela mando?","Strada Statale Soncinese 498, Romano di Lombardia - tel. 0363 910068, centrosoleromano@gmail.com. Aperto 7 giorni.
Verificato il 5 settembre 2026: nessun dominio proprio."
@cosmobeauty.romano,Cosmo Beauty,Romano di Lombardia (BG),Estetica,605,1,Nessun sito: solo Instagram e directory,,,"Buongiorno, sono Patrick Sappa — ho una piccola software house a Seveso, DenkiCode.

Le scrivo perché ho guardato il profilo di Cosmo Beauty e su Google non trovo un suo sito: c'è Instagram, ci sono le schede degli altri, ma un sito suo no.

Le sue foto erano già metà del lavoro: l'altra metà l'ho fatta io. La bozza del suo sito è già pronta, con le sue immagini e il suo nome — non deve scrivere testi, non deve mandarmi materiale, non deve decidere niente.

Gliela mando qui, la guarda con calma, e se non le piace me lo dice e non ci sentiamo più. Non le costa un euro e non la impegna a niente.

Sul costo non le faccio girare la testa: se poi decidesse di metterlo online, si parla di poche centinaia di euro una volta — non di migliaia — più una quota annuale per tenerlo attivo. Il numero preciso glielo faccio solo se la cosa le interessa davvero.

Gliela mando?","Romano di Lombardia - tel. 392 3977362. Claudia e Alice: laser, manicure, pedicure, cerette, massaggi.
Verificato il 5 settembre 2026: nessun dominio proprio nei risultati."
@centroesteticacocoon,Cocoon Estetica,Romano di Lombardia (BG),Estetica,n.d.,6,Sito vivo ma fermo: cocoonestetica.it e una pagina Mobirise da 14 KB ferma al 2022,,,"Buongiorno, sono Patrick Sappa — ho una piccola software house a Seveso, DenkiCode.

Le scrivo perché ho guardato il profilo di Cocoon Estetica e il suo sito c'è, ma è fermo al 2022.

Le sue foto erano già metà del lavoro: l'altra metà l'ho fatta io. La bozza del suo sito è già pronta, con le sue immagini e il suo nome — non deve scrivere testi, non deve mandarmi materiale, non deve decidere niente.

Gliela mando qui, la guarda con calma, e se non le piace me lo dice e non ci sentiamo più. Non le costa un euro e non la impegna a niente.

Sul costo non le faccio girare la testa: se poi decidesse di metterlo online, si parla di poche centinaia di euro una volta — non di migliaia — più una quota annuale per tenerlo attivo. Il numero preciso glielo faccio solo se la cosa le interessa davvero.

Gliela mando?","Via Rinaldo Pigola 1, Romano di Lombardia - tel. 0363 901733. Cristina Tarenghi, oltre 20 anni di attivita.
Verificato il 5 settembre 2026: cocoonestetica.it e generato con Mobirise v5.6.3, pesa 14 KB (una pagina sola) e l'anno piu recente e il 2022."
@hairbeautycreation,Hair Beauty Creation,Cologno al Serio (BG),Parrucchieri,n.d.,1,"Nessun sito: solo Fresha, Facebook e directory",,,"Buongiorno, sono Patrick Sappa — ho una piccola software house a Seveso, DenkiCode.

Le scrivo perché ho guardato il profilo di Hair Beauty Creation e su Google non trovo un suo sito: c'è Instagram, ci sono le schede degli altri, ma un sito suo no.

Le sue foto erano già metà del lavoro: l'altra metà l'ho fatta io. La bozza del suo sito è già pronta, con le sue immagini e il suo nome — non deve scrivere testi, non deve mandarmi materiale, non deve decidere niente.

Gliela mando qui, la guarda con calma, e se non le piace me lo dice e non ci sentiamo più. Non le costa un euro e non la impegna a niente.

Sul costo non le faccio girare la testa: se poi decidesse di metterlo online, si parla di poche centinaia di euro una volta — non di migliaia — più una quota annuale per tenerlo attivo. Il numero preciso glielo faccio solo se la cosa le interessa davvero.

Gliela mando?","Via Spirano 7, Cologno al Serio - tel. 035 2815417 / 351 6220286. Noemi Mazzarisi.
Verificato il 5 settembre 2026: nessun dominio proprio."
@oemabarbieri_colognoalserio,Oema Barbieri,Cologno al Serio (BG),Barber,n.d.,2,Dominio morto: oemabarbieri.it non risolve piu,,,"Buongiorno, sono Patrick Sappa — ho una piccola software house a Seveso, DenkiCode.

Le scrivo perché ho guardato il profilo di Oema Barbieri e il dominio oemabarbieri.it, che compare ancora nelle ricerche, non si apre più.

Le sue foto erano già metà del lavoro: l'altra metà l'ho fatta io. La bozza del suo sito è già pronta, con le sue immagini e il suo nome — non deve scrivere testi, non deve mandarmi materiale, non deve decidere niente.

Gliela mando qui, la guarda con calma, e se non le piace me lo dice e non ci sentiamo più. Non le costa un euro e non la impegna a niente.

Sul costo non le faccio girare la testa: se poi decidesse di metterlo online, si parla di poche centinaia di euro una volta — non di migliaia — più una quota annuale per tenerlo attivo. Il numero preciso glielo faccio solo se la cosa le interessa davvero.

Gliela mando?","Piazza Vittorio Emanuele II 1, Cologno al Serio - tel. 351 7296251. Tre saloni: Cologno al Serio, Borgo Palazzo, Boccaleone.
⚠ Verificato il 5 settembre 2026: oemabarbieri.it e NXDOMAIN su entrambi i resolver, ma le pagine oemabarbieri.it e /cologno-al-serio/ compaiono ancora nei risultati di ricerca. Tre saloni senza un sito che si apra."
@q.esse_quality_stylist_azzano,Q.Esse Quality Stylist,Azzano San Paolo (BG),Parrucchieri,n.d.,2,"Dominio morto: qesse.it non risolve piu, ed e ancora il nome della loro pagina Facebook",,,"Buongiorno, sono Patrick Sappa — ho una piccola software house a Seveso, DenkiCode.

Le scrivo perché ho guardato il profilo di Q.Esse Quality Stylist e il dominio qesse.it, che compare ancora nelle ricerche, non si apre più.

Le sue foto erano già metà del lavoro: l'altra metà l'ho fatta io. La bozza del suo sito è già pronta, con le sue immagini e il suo nome — non deve scrivere testi, non deve mandarmi materiale, non deve decidere niente.

Gliela mando qui, la guarda con calma, e se non le piace me lo dice e non ci sentiamo più. Non le costa un euro e non la impegna a niente.

Sul costo non le faccio girare la testa: se poi decidesse di metterlo online, si parla di poche centinaia di euro una volta — non di migliaia — più una quota annuale per tenerlo attivo. Il numero preciso glielo faccio solo se la cosa le interessa davvero.

Gliela mando?","Viale Trieste 5, Azzano San Paolo - tel. 035 533580. Mar-sab 8:30-18, su appuntamento.
⚠ Verificato il 5 settembre 2026: la pagina Facebook si chiama ancora facebook.com/www.qesse.it, ma qesse.it e NXDOMAIN su Google e Cloudflare."
@diamociuntagliodaesther,Diamoci un Taglio da Esther,Azzano San Paolo (BG),Parrucchieri,n.d.,5,"Su piattaforma: il sito e diamociuntagliodaesther.altervista.org, un WordPress ospitato su Altervista",,,"Buongiorno, sono Patrick Sappa — ho una piccola software house a Seveso, DenkiCode.

Le scrivo perché ho guardato il profilo di Diamoci un Taglio da Esther e quello che ha non è un sito suo: è una pagina su Altervista.

Le sue foto erano già metà del lavoro: l'altra metà l'ho fatta io. La bozza del suo sito è già pronta, con le sue immagini e il suo nome — non deve scrivere testi, non deve mandarmi materiale, non deve decidere niente.

Gliela mando qui, la guarda con calma, e se non le piace me lo dice e non ci sentiamo più. Non le costa un euro e non la impegna a niente.

Sul costo non le faccio girare la testa: se poi decidesse di metterlo online, si parla di poche centinaia di euro una volta — non di migliaia — più una quota annuale per tenerlo attivo. Il numero preciso glielo faccio solo se la cosa le interessa davvero.

Gliela mando?","Viale Trieste 2, Azzano San Paolo - tel. 388 9704678.
Verificato il 5 settembre 2026: il sito risponde e ha contenuto vero, ma vive sul sottodominio gratuito di Altervista, senza dominio proprio."
@meraki.bergamo,Meraki,Treviolo (BG),Estetica/parrucchieri,n.d.,5,"Su piattaforma: quello che ha e una vetrina su mypushop.com, non un sito proprio",,,"Buongiorno, sono Patrick Sappa — ho una piccola software house a Seveso, DenkiCode.

Le scrivo perché ho guardato il profilo di Meraki e quello che ha non è un sito suo: è una pagina su myPushop.

Le sue foto erano già metà del lavoro: l'altra metà l'ho fatta io. La bozza del suo sito è già pronta, con le sue immagini e il suo nome — non deve scrivere testi, non deve mandarmi materiale, non deve decidere niente.

Gliela mando qui, la guarda con calma, e se non le piace me lo dice e non ci sentiamo più. Non le costa un euro e non la impegna a niente.

Sul costo non le faccio girare la testa: se poi decidesse di metterlo online, si parla di poche centinaia di euro una volta — non di migliaia — più una quota annuale per tenerlo attivo. Il numero preciso glielo faccio solo se la cosa le interessa davvero.

Gliela mando?","Via Roma 87, Treviolo. Centro estetico e parrucchiere.
Verificato il 5 settembre 2026: le uniche pagine «sito» sono mypushop.com/meraki-centro-estetico-e-parrucchiere.../vetrina/. Nessun dominio proprio."
@angolorelax_nembro,Angolo Relax,Nembro (BG),Estetica,1299,5,Su piattaforma: angolorelax.com e un sito Wix,,,"Buongiorno, sono Patrick Sappa — ho una piccola software house a Seveso, DenkiCode.

Le scrivo perché ho guardato il profilo di Angolo Relax e quello che ha non è un sito suo: è una pagina su Wix.

Le sue foto erano già metà del lavoro: l'altra metà l'ho fatta io. La bozza del suo sito è già pronta, con le sue immagini e il suo nome — non deve scrivere testi, non deve mandarmi materiale, non deve decidere niente.

Gliela mando qui, la guarda con calma, e se non le piace me lo dice e non ci sentiamo più. Non le costa un euro e non la impegna a niente.

Sul costo non le faccio girare la testa: se poi decidesse di metterlo online, si parla di poche centinaia di euro una volta — non di migliaia — più una quota annuale per tenerlo attivo. Il numero preciso glielo faccio solo se la cosa le interessa davvero.

Gliela mando?","Piazza della Liberta 3, Nembro - tel. 035 520520. Laser, massaggi, nail art, PMU, radiofrequenza, pressoterapia.
Verificato il 5 settembre 2026: la pagina dichiara «Wix.com Website Builder» nel generator e pesa 1,2 MB."
@royal_barber_bg,Royal Barber Shop,Verdello (BG),Barber,n.d.,1,"Nessun sito: ha un'app su App Store, ma nessun dominio proprio",,,"Buongiorno, sono Patrick Sappa — ho una piccola software house a Seveso, DenkiCode.

Le scrivo perché ho guardato il profilo di Royal Barber Shop e su Google non trovo un suo sito: c'è Instagram, ci sono le schede degli altri, ma un sito suo no.

Le sue foto erano già metà del lavoro: l'altra metà l'ho fatta io. La bozza del suo sito è già pronta, con le sue immagini e il suo nome — non deve scrivere testi, non deve mandarmi materiale, non deve decidere niente.

Gliela mando qui, la guarda con calma, e se non le piace me lo dice e non ci sentiamo più. Non le costa un euro e non la impegna a niente.

Sul costo non le faccio girare la testa: se poi decidesse di metterlo online, si parla di poche centinaia di euro una volta — non di migliaia — più una quota annuale per tenerlo attivo. Il numero preciso glielo faccio solo se la cosa le interessa davvero.

Gliela mando?","Via Papa Giovanni XXIII 62, Verdello - mar-sab 9-19. Royal Barber Shop di Ganci Redion.
Verificato il 5 settembre 2026: prenotazioni via app «Royal Barber Bg» e Fresha. Nessun sito."
@trevillium,Trevillium Barber,Treviglio (BG),Barber,n.d.,1,"Nessun sito: solo Fresha, su due sedi",,,"Buongiorno, sono Patrick Sappa — ho una piccola software house a Seveso, DenkiCode.

Le scrivo perché ho guardato il profilo di Trevillium Barber e su Google non trovo un suo sito: c'è Instagram, ci sono le schede degli altri, ma un sito suo no.

Le sue foto erano già metà del lavoro: l'altra metà l'ho fatta io. La bozza del suo sito è già pronta, con le sue immagini e il suo nome — non deve scrivere testi, non deve mandarmi materiale, non deve decidere niente.

Gliela mando qui, la guarda con calma, e se non le piace me lo dice e non ci sentiamo più. Non le costa un euro e non la impegna a niente.

Sul costo non le faccio girare la testa: se poi decidesse di metterlo online, si parla di poche centinaia di euro una volta — non di migliaia — più una quota annuale per tenerlo attivo. Il numero preciso glielo faccio solo se la cosa le interessa davvero.

Gliela mando?","Via dei Mille 5 e Viale Alcide De Gasperi 4/C, Treviglio. 312 recensioni, media 5,0.
Verificato il 5 settembre 2026: due sedi, entrambe solo su Fresha. Nessun dominio proprio."
@la_charmerie,La Charmerie,Gallarate (VA),Estetica/parrucchieri,n.d.,2,"Dominio morto: lacharmerie.it non risolve piu, e aveva una pagina per ogni servizio",,,"Buongiorno, sono Patrick Sappa — ho una piccola software house a Seveso, DenkiCode.

Le scrivo perché ho guardato il profilo di La Charmerie e il dominio lacharmerie.it, che compare ancora nelle ricerche, non si apre più.

Le sue foto erano già metà del lavoro: l'altra metà l'ho fatta io. La bozza del suo sito è già pronta, con le sue immagini e il suo nome — non deve scrivere testi, non deve mandarmi materiale, non deve decidere niente.

Gliela mando qui, la guarda con calma, e se non le piace me lo dice e non ci sentiamo più. Non le costa un euro e non la impegna a niente.

Sul costo non le faccio girare la testa: se poi decidesse di metterlo online, si parla di poche centinaia di euro una volta — non di migliaia — più una quota annuale per tenerlo attivo. Il numero preciso glielo faccio solo se la cosa le interessa davvero.

Gliela mando?","Via Egidio Checchi 3, Gallarate - tel. 0331 220899, lacharmeriegallarate@gmail.com. Aperto dal 2009, sorelle Elena e Laura.
↺ Il 31 agosto era stata scartata come «sito vero, vivo e aggiornato» (lista anello 1) e non e mai stata contattata: oggi non e piu vero, e per questo rientra.
⚠ Verificato il 5 settembre 2026: lacharmerie.it e NXDOMAIN su entrambi i resolver. Nei risultati compaiono ancora cinque pagine interne (epilazione-laser-gallarate, ricostruzione-unghie-gallarate, parrucchiere-uomo-gallarate, microblading-gallarate, /estetica/): avevano un sito costruito bene e oggi non si apre nulla."
@incanto_e_bellezza,Incanto e Bellezza,Gallarate (VA),Estetica,n.d.,4,Link rotto: la pagina Google Business incanto-e-bellezza-...business.site risponde 404,,,"Buongiorno, sono Patrick Sappa — ho una piccola software house a Seveso, DenkiCode.

Le scrivo perché ho guardato il profilo di Incanto e Bellezza e il link al sito che risulta ancora online — la sua vecchia pagina Google — non porta piu da nessuna parte.

Le sue foto erano già metà del lavoro: l'altra metà l'ho fatta io. La bozza del suo sito è già pronta, con le sue immagini e il suo nome — non deve scrivere testi, non deve mandarmi materiale, non deve decidere niente.

Gliela mando qui, la guarda con calma, e se non le piace me lo dice e non ci sentiamo più. Non le costa un euro e non la impegna a niente.

Sul costo non le faccio girare la testa: se poi decidesse di metterlo online, si parla di poche centinaia di euro una volta — non di migliaia — più una quota annuale per tenerlo attivo. Il numero preciso glielo faccio solo se la cosa le interessa davvero.

Gliela mando?","Via Dante Alighieri 1/B, Gallarate - tel. 393 8584484. Incanto e Bellezza snc di Buttafuoco Melissa & C.
⚠ Verificato il 5 settembre 2026: l'unico «sito» nei risultati e la vecchia pagina Google Business, che oggi da Errore 404. Google ha chiuso business.site: il link e ancora in giro e non porta piu da nessuna parte."
@crisalide.esteticagallarate,Estetica Crisalide,Gallarate (VA),Estetica,203,1,"Nessun sito: solo Facebook, Fresha e Groupon",,,"Buongiorno, sono Patrick Sappa — ho una piccola software house a Seveso, DenkiCode.

Le scrivo perché ho guardato il profilo di Estetica Crisalide e su Google non trovo un suo sito: c'è Instagram, ci sono le schede degli altri, ma un sito suo no.

Le sue foto erano già metà del lavoro: l'altra metà l'ho fatta io. La bozza del suo sito è già pronta, con le sue immagini e il suo nome — non deve scrivere testi, non deve mandarmi materiale, non deve decidere niente.

Gliela mando qui, la guarda con calma, e se non le piace me lo dice e non ci sentiamo più. Non le costa un euro e non la impegna a niente.

Sul costo non le faccio girare la testa: se poi decidesse di metterlo online, si parla di poche centinaia di euro una volta — non di migliaia — più una quota annuale per tenerlo attivo. Il numero preciso glielo faccio solo se la cosa le interessa davvero.

Gliela mando?","Via Pietro da Gallarate, Gallarate - tel. 380 2046004. Anna e Meryem.
Verificato il 5 settembre 2026: nessun dominio proprio."
@natynails.centro.estetico,Naty Nails,Gallarate (VA),Estetica/nail,n.d.,1,Nessun sito: solo Fresha,,,"Buongiorno, sono Patrick Sappa — ho una piccola software house a Seveso, DenkiCode.

Le scrivo perché ho guardato il profilo di Naty Nails e su Google non trovo un suo sito: c'è Instagram, ci sono le schede degli altri, ma un sito suo no.

Le sue foto erano già metà del lavoro: l'altra metà l'ho fatta io. La bozza del suo sito è già pronta, con le sue immagini e il suo nome — non deve scrivere testi, non deve mandarmi materiale, non deve decidere niente.

Gliela mando qui, la guarda con calma, e se non le piace me lo dice e non ci sentiamo più. Non le costa un euro e non la impegna a niente.

Sul costo non le faccio girare la testa: se poi decidesse di metterlo online, si parla di poche centinaia di euro una volta — non di migliaia — più una quota annuale per tenerlo attivo. Il numero preciso glielo faccio solo se la cosa le interessa davvero.

Gliela mando?","Via Verbano 5, Gallarate - WhatsApp 379 1277049.
Verificato il 5 settembre 2026: nessun dominio proprio."
@michela_mybeauty,My Beauty - studio estetico,Gallarate (VA),Estetica,n.d.,1,"Nessun sito: solo Facebook e le directory (Virgilio, PagineGialle)",,,"Buongiorno, sono Patrick Sappa — ho una piccola software house a Seveso, DenkiCode.

Le scrivo perché ho guardato il profilo di My Beauty - studio estetico e su Google non trovo un suo sito: c'è Instagram, ci sono le schede degli altri, ma un sito suo no.

Le sue foto erano già metà del lavoro: l'altra metà l'ho fatta io. La bozza del suo sito è già pronta, con le sue immagini e il suo nome — non deve scrivere testi, non deve mandarmi materiale, non deve decidere niente.

Gliela mando qui, la guarda con calma, e se non le piace me lo dice e non ci sentiamo più. Non le costa un euro e non la impegna a niente.

Sul costo non le faccio girare la testa: se poi decidesse di metterlo online, si parla di poche centinaia di euro una volta — non di migliaia — più una quota annuale per tenerlo attivo. Il numero preciso glielo faccio solo se la cosa le interessa davvero.

Gliela mando?","Via Carlo Cattaneo 22, Gallarate - tel. 0331 781519. Michela Bottelli: dermatobiotica, pedicure curativo.
Verificato il 5 settembre 2026: i domini mybeautycenter.it e mybeautyart.ch sono di altre attivita, non sue."
@esthetic_boutique.gallarate,Esthetic Boutique,Gallarate (VA),Estetica,n.d.,1,"Nessun sito: solo Fresha, Treatwell e Facebook",,,"Buongiorno, sono Patrick Sappa — ho una piccola software house a Seveso, DenkiCode.

Le scrivo perché ho guardato il profilo di Esthetic Boutique e su Google non trovo un suo sito: c'è Instagram, ci sono le schede degli altri, ma un sito suo no.

Le sue foto erano già metà del lavoro: l'altra metà l'ho fatta io. La bozza del suo sito è già pronta, con le sue immagini e il suo nome — non deve scrivere testi, non deve mandarmi materiale, non deve decidere niente.

Gliela mando qui, la guarda con calma, e se non le piace me lo dice e non ci sentiamo più. Non le costa un euro e non la impegna a niente.

Sul costo non le faccio girare la testa: se poi decidesse di metterlo online, si parla di poche centinaia di euro una volta — non di migliaia — più una quota annuale per tenerlo attivo. Il numero preciso glielo faccio solo se la cosa le interessa davvero.

Gliela mando?","Via del Borgo Antico 1, Gallarate - tel. 327 5205206.
Verificato il 5 settembre 2026: nessun dominio proprio."
@barber_house_17,Barber House,Gallarate (VA),Barber,n.d.,1,Nessun sito: solo Fresha e PagineBianche,,,"Buongiorno, sono Patrick Sappa — ho una piccola software house a Seveso, DenkiCode.

Le scrivo perché ho guardato il profilo di Barber House e su Google non trovo un suo sito: c'è Instagram, ci sono le schede degli altri, ma un sito suo no.

Le sue foto erano già metà del lavoro: l'altra metà l'ho fatta io. La bozza del suo sito è già pronta, con le sue immagini e il suo nome — non deve scrivere testi, non deve mandarmi materiale, non deve decidere niente.

Gliela mando qui, la guarda con calma, e se non le piace me lo dice e non ci sentiamo più. Non le costa un euro e non la impegna a niente.

Sul costo non le faccio girare la testa: se poi decidesse di metterlo online, si parla di poche centinaia di euro una volta — non di migliaia — più una quota annuale per tenerlo attivo. Il numero preciso glielo faccio solo se la cosa le interessa davvero.

Gliela mando?","Via Statuto 41, Gallarate - tel. 345 3171460. Barber House di Nicoletti Marco.
Verificato il 5 settembre 2026: nessun dominio proprio."
@josef_barber_4_gallarate,Josef Barber 4,Gallarate (VA),Barber,n.d.,1,Nessun sito: solo Facebook e la scheda del centro Le Corti,,,"Buongiorno, sono Patrick Sappa — ho una piccola software house a Seveso, DenkiCode.

Le scrivo perché ho guardato il profilo di Josef Barber 4 e su Google non trovo un suo sito: c'è Instagram, ci sono le schede degli altri, ma un sito suo no.

Le sue foto erano già metà del lavoro: l'altra metà l'ho fatta io. La bozza del suo sito è già pronta, con le sue immagini e il suo nome — non deve scrivere testi, non deve mandarmi materiale, non deve decidere niente.

Gliela mando qui, la guarda con calma, e se non le piace me lo dice e non ci sentiamo più. Non le costa un euro e non la impegna a niente.

Sul costo non le faccio girare la testa: se poi decidesse di metterlo online, si parla di poche centinaia di euro una volta — non di migliaia — più una quota annuale per tenerlo attivo. Il numero preciso glielo faccio solo se la cosa le interessa davvero.

Gliela mando?","Via Luigi Borghi 7, Gallarate - tel. 351 3215098.
Verificato il 5 settembre 2026: nessun dominio proprio."
@oliveri_parrucchieri,Oliveri Parrucchieri,Busto Arsizio (VA),Parrucchieri,4894,1,Nessun sito: nelle directory il «sito ufficiale» e la pagina Facebook,,,"Buongiorno, sono Patrick Sappa — ho una piccola software house a Seveso, DenkiCode.

Le scrivo perché ho guardato il profilo di Oliveri Parrucchieri e su Google non trovo un suo sito: c'è Instagram, ci sono le schede degli altri, ma un sito suo no.

Le sue foto erano già metà del lavoro: l'altra metà l'ho fatta io. La bozza del suo sito è già pronta, con le sue immagini e il suo nome — non deve scrivere testi, non deve mandarmi materiale, non deve decidere niente.

Gliela mando qui, la guarda con calma, e se non le piace me lo dice e non ci sentiamo più. Non le costa un euro e non la impegna a niente.

Sul costo non le faccio girare la testa: se poi decidesse di metterlo online, si parla di poche centinaia di euro una volta — non di migliaia — più una quota annuale per tenerlo attivo. Il numero preciso glielo faccio solo se la cosa le interessa davvero.

Gliela mando?","Via Stefano Bonsignori 4, Busto Arsizio - tel. 0331 322341. Lun-sab 9-19.
Verificato il 5 settembre 2026: le schede lo indicano con Facebook come sito ufficiale. Nessun dominio proprio."
@gbparrucchieri_,GB Parrucchieri,Busto Arsizio (VA),Parrucchieri,n.d.,1,Nessun sito: solo Instagram e Fresha,,,"Buongiorno, sono Patrick Sappa — ho una piccola software house a Seveso, DenkiCode.

Le scrivo perché ho guardato il profilo di GB Parrucchieri e su Google non trovo un suo sito: c'è Instagram, ci sono le schede degli altri, ma un sito suo no.

Le sue foto erano già metà del lavoro: l'altra metà l'ho fatta io. La bozza del suo sito è già pronta, con le sue immagini e il suo nome — non deve scrivere testi, non deve mandarmi materiale, non deve decidere niente.

Gliela mando qui, la guarda con calma, e se non le piace me lo dice e non ci sentiamo più. Non le costa un euro e non la impegna a niente.

Sul costo non le faccio girare la testa: se poi decidesse di metterlo online, si parla di poche centinaia di euro una volta — non di migliaia — più una quota annuale per tenerlo attivo. Il numero preciso glielo faccio solo se la cosa le interessa davvero.

Gliela mando?","Busto Arsizio. Nuova apertura, cercano personale nei gruppi Facebook di zona.
Verificato il 5 settembre 2026: nessun dominio proprio nei risultati."
@hairlab_mm,Hair Lab di Martina Mazzeo,Busto Arsizio (VA),Parrucchieri,923,1,"Nessun sito: solo Instagram, PagineGialle e la scheda su Matrimonio.com",,,"Buongiorno, sono Patrick Sappa — ho una piccola software house a Seveso, DenkiCode.

Le scrivo perché ho guardato il profilo di Hair Lab di Martina Mazzeo e su Google non trovo un suo sito: c'è Instagram, ci sono le schede degli altri, ma un sito suo no.

Le sue foto erano già metà del lavoro: l'altra metà l'ho fatta io. La bozza del suo sito è già pronta, con le sue immagini e il suo nome — non deve scrivere testi, non deve mandarmi materiale, non deve decidere niente.

Gliela mando qui, la guarda con calma, e se non le piace me lo dice e non ci sentiamo più. Non le costa un euro e non la impegna a niente.

Sul costo non le faccio girare la testa: se poi decidesse di metterlo online, si parla di poche centinaia di euro una volta — non di migliaia — più una quota annuale per tenerlo attivo. Il numero preciso glielo faccio solo se la cosa le interessa davvero.

Gliela mando?","Piazza Vittorio Emanuele II 3, Busto Arsizio - tel. 349 1869386. Colorista, specialista schiariture e acconciature sposa (500-800 €).
Verificato il 5 settembre 2026: nessun dominio proprio. Lavora sulle spose, cioe sul pubblico che cerca online prima di scegliere."
@blackblade.barbershop,BlackBlade Barbershop,Busto Arsizio (VA),Barber,n.d.,2,Dominio morto: blackbladebarbershop.it non risolve piu,,,"Buongiorno, sono Patrick Sappa — ho una piccola software house a Seveso, DenkiCode.

Le scrivo perché ho guardato il profilo di BlackBlade Barbershop e il dominio blackbladebarbershop.it, che compare ancora nelle ricerche, non si apre più.

Le sue foto erano già metà del lavoro: l'altra metà l'ho fatta io. La bozza del suo sito è già pronta, con le sue immagini e il suo nome — non deve scrivere testi, non deve mandarmi materiale, non deve decidere niente.

Gliela mando qui, la guarda con calma, e se non le piace me lo dice e non ci sentiamo più. Non le costa un euro e non la impegna a niente.

Sul costo non le faccio girare la testa: se poi decidesse di metterlo online, si parla di poche centinaia di euro una volta — non di migliaia — più una quota annuale per tenerlo attivo. Il numero preciso glielo faccio solo se la cosa le interessa davvero.

Gliela mando?","Via Genova 14/D e Via Bramante 4, Busto Arsizio - tel. 331 1513494, blackblade.barbershop@gmail.com. Due sedi.
⚠ Verificato il 5 settembre 2026: blackbladebarbershop.it e NXDOMAIN su entrambi i resolver ma compare ancora come sito nei risultati. Le prenotazioni oggi passano da zetabarber.it, che non e loro."
@feelgoldnails,FeelGold Nails,Busto Arsizio (VA),Nail,n.d.,1,Nessun sito: solo Treatwell,,,"Buongiorno, sono Patrick Sappa — ho una piccola software house a Seveso, DenkiCode.

Le scrivo perché ho guardato il profilo di FeelGold Nails e su Google non trovo un suo sito: c'è Instagram, ci sono le schede degli altri, ma un sito suo no.

Le sue foto erano già metà del lavoro: l'altra metà l'ho fatta io. La bozza del suo sito è già pronta, con le sue immagini e il suo nome — non deve scrivere testi, non deve mandarmi materiale, non deve decidere niente.

Gliela mando qui, la guarda con calma, e se non le piace me lo dice e non ci sentiamo più. Non le costa un euro e non la impegna a niente.

Sul costo non le faccio girare la testa: se poi decidesse di metterlo online, si parla di poche centinaia di euro una volta — non di migliaia — più una quota annuale per tenerlo attivo. Il numero preciso glielo faccio solo se la cosa le interessa davvero.

Gliela mando?","Busto Arsizio, a un minuto dalla fermata Trento 7 - centro unghie di Ilenia.
Verificato il 5 settembre 2026: l'unica presenza fuori da Instagram e la scheda Treatwell."
@leunghiedijess,Le Unghie di Jess,Busto Arsizio (VA),Nail,n.d.,1,Nessun sito: solo Instagram,,,"Buongiorno, sono Patrick Sappa — ho una piccola software house a Seveso, DenkiCode.

Le scrivo perché ho guardato il profilo di Le Unghie di Jess e su Google non trovo un suo sito: c'è Instagram, ci sono le schede degli altri, ma un sito suo no.

Le sue foto erano già metà del lavoro: l'altra metà l'ho fatta io. La bozza del suo sito è già pronta, con le sue immagini e il suo nome — non deve scrivere testi, non deve mandarmi materiale, non deve decidere niente.

Gliela mando qui, la guarda con calma, e se non le piace me lo dice e non ci sentiamo più. Non le costa un euro e non la impegna a niente.

Sul costo non le faccio girare la testa: se poi decidesse di metterlo online, si parla di poche centinaia di euro una volta — non di migliaia — più una quota annuale per tenerlo attivo. Il numero preciso glielo faccio solo se la cosa le interessa davvero.

Gliela mando?","Busto Arsizio - onicotecnica.
Verificato il 5 settembre 2026: nessun dominio proprio, nessuna scheda di prenotazione."
@ricostruzione_unghie_busto,Ricostruzione Unghie Busto,Busto Arsizio (VA),Nail,861,1,Nessun sito: solo Instagram e Facebook,,,"Buongiorno, sono Patrick Sappa — ho una piccola software house a Seveso, DenkiCode.

Le scrivo perché ho guardato il profilo di Ricostruzione Unghie Busto e su Google non trovo un suo sito: c'è Instagram, ci sono le schede degli altri, ma un sito suo no.

Le sue foto erano già metà del lavoro: l'altra metà l'ho fatta io. La bozza del suo sito è già pronta, con le sue immagini e il suo nome — non deve scrivere testi, non deve mandarmi materiale, non deve decidere niente.

Gliela mando qui, la guarda con calma, e se non le piace me lo dice e non ci sentiamo più. Non le costa un euro e non la impegna a niente.

Sul costo non le faccio girare la testa: se poi decidesse di metterlo online, si parla di poche centinaia di euro una volta — non di migliaia — più una quota annuale per tenerlo attivo. Il numero preciso glielo faccio solo se la cosa le interessa davvero.

Gliela mando?","Busto Arsizio - 334 post, 861 follower.
Verificato il 5 settembre 2026: nessun dominio proprio."
@lacoccinella_estetica,La Coccinella Estetica,Olgiate Olona (VA),Estetica,n.d.,1,Nessun sito: solo Fresha e Facebook,,,"Buongiorno, sono Patrick Sappa — ho una piccola software house a Seveso, DenkiCode.

Le scrivo perché ho guardato il profilo di La Coccinella Estetica e su Google non trovo un suo sito: c'è Instagram, ci sono le schede degli altri, ma un sito suo no.

Le sue foto erano già metà del lavoro: l'altra metà l'ho fatta io. La bozza del suo sito è già pronta, con le sue immagini e il suo nome — non deve scrivere testi, non deve mandarmi materiale, non deve decidere niente.

Gliela mando qui, la guarda con calma, e se non le piace me lo dice e non ci sentiamo più. Non le costa un euro e non la impegna a niente.

Sul costo non le faccio girare la testa: se poi decidesse di metterlo online, si parla di poche centinaia di euro una volta — non di migliaia — più una quota annuale per tenerlo attivo. Il numero preciso glielo faccio solo se la cosa le interessa davvero.

Gliela mando?","Via Armando Diaz 9, Olgiate Olona - tel. 393 8798105, splacoccinella42@gmail.com. Ospita anche Estetica Erika Senter.
Verificato il 5 settembre 2026: nessun dominio proprio (esteticaerikasenter.com e della professionista ospite, non del centro)."
@segretidibellezzanails,Segreti di Bellezza,Castellanza (VA),Estetica/nail,n.d.,3,"Sito vuoto: segretidibellezza.net risponde 200 ma la pagina e 3,6 KB con dentro solo il tag di Google Tag Manager",,,"Buongiorno, sono Patrick Sappa — ho una piccola software house a Seveso, DenkiCode.

Le scrivo perché ho guardato il profilo di Segreti di Bellezza e segretidibellezza.net si apre, ma e una pagina vuota: non c'e scritto niente.

Le sue foto erano già metà del lavoro: l'altra metà l'ho fatta io. La bozza del suo sito è già pronta, con le sue immagini e il suo nome — non deve scrivere testi, non deve mandarmi materiale, non deve decidere niente.

Gliela mando qui, la guarda con calma, e se non le piace me lo dice e non ci sentiamo più. Non le costa un euro e non la impegna a niente.

Sul costo non le faccio girare la testa: se poi decidesse di metterlo online, si parla di poche centinaia di euro una volta — non di migliaia — più una quota annuale per tenerlo attivo. Il numero preciso glielo faccio solo se la cosa le interessa davvero.

Gliela mando?","Via Eugenio Cantoni 97/D, Castellanza - tel. 380 1564833.
⚠ Verificato il 5 settembre 2026: il dominio c'e e risponde, ma la pagina non ha contenuto: 3.668 byte, nessun testo, solo lo script GTM. Chi ci arriva vede una pagina bianca."
@latuaimmagine_cassanomagnago,La Tua Immagine,Cassano Magnago (VA),Estetica/parrucchieri,n.d.,1,"Nessun sito: solo Facebook, Waze e directory",,,"Buongiorno, sono Patrick Sappa — ho una piccola software house a Seveso, DenkiCode.

Le scrivo perché ho guardato il profilo di La Tua Immagine e su Google non trovo un suo sito: c'è Instagram, ci sono le schede degli altri, ma un sito suo no.

Le sue foto erano già metà del lavoro: l'altra metà l'ho fatta io. La bozza del suo sito è già pronta, con le sue immagini e il suo nome — non deve scrivere testi, non deve mandarmi materiale, non deve decidere niente.

Gliela mando qui, la guarda con calma, e se non le piace me lo dice e non ci sentiamo più. Non le costa un euro e non la impegna a niente.

Sul costo non le faccio girare la testa: se poi decidesse di metterlo online, si parla di poche centinaia di euro una volta — non di migliaia — più una quota annuale per tenerlo attivo. Il numero preciso glielo faccio solo se la cosa le interessa davvero.

Gliela mando?","Via XXIV Maggio 2, Cassano Magnago - tel. 0331 205613, voltinuovisnc@outlook.it. Parrucchiere uomo/donna e centro estetico.
Verificato il 5 settembre 2026: nessun dominio proprio."
@magicnails_deborah,Magic Nails,Cassano Magnago (VA),Estetica/nail,871,1,Nessun sito: solo Fresha e Facebook,,,"Buongiorno, sono Patrick Sappa — ho una piccola software house a Seveso, DenkiCode.

Le scrivo perché ho guardato il profilo di Magic Nails e su Google non trovo un suo sito: c'è Instagram, ci sono le schede degli altri, ma un sito suo no.

Le sue foto erano già metà del lavoro: l'altra metà l'ho fatta io. La bozza del suo sito è già pronta, con le sue immagini e il suo nome — non deve scrivere testi, non deve mandarmi materiale, non deve decidere niente.

Gliela mando qui, la guarda con calma, e se non le piace me lo dice e non ci sentiamo più. Non le costa un euro e non la impegna a niente.

Sul costo non le faccio girare la testa: se poi decidesse di metterlo online, si parla di poche centinaia di euro una volta — non di migliaia — più una quota annuale per tenerlo attivo. Il numero preciso glielo faccio solo se la cosa le interessa davvero.

Gliela mando?","Via A. Buttafava 33, Cassano Magnago. Deborah Povoli: unghie, estetica di base e avanzata, extension ciglia.
Verificato il 5 settembre 2026: nessun dominio proprio."
@namastebellezzaebenessere,Namaste Bellezza e Benessere,Cassano Magnago (VA),Estetica,n.d.,1,Nessun sito: solo Fresha e Facebook,,,"Buongiorno, sono Patrick Sappa — ho una piccola software house a Seveso, DenkiCode.

Le scrivo perché ho guardato il profilo di Namaste Bellezza e Benessere e su Google non trovo un suo sito: c'è Instagram, ci sono le schede degli altri, ma un sito suo no.

Le sue foto erano già metà del lavoro: l'altra metà l'ho fatta io. La bozza del suo sito è già pronta, con le sue immagini e il suo nome — non deve scrivere testi, non deve mandarmi materiale, non deve decidere niente.

Gliela mando qui, la guarda con calma, e se non le piace me lo dice e non ci sentiamo più. Non le costa un euro e non la impegna a niente.

Sul costo non le faccio girare la testa: se poi decidesse di metterlo online, si parla di poche centinaia di euro una volta — non di migliaia — più una quota annuale per tenerlo attivo. Il numero preciso glielo faccio solo se la cosa le interessa davvero.

Gliela mando?","Via Redipuglia 4, Cassano Magnago - tel. 351 9192239 / 0331 879878. Shiatsu, massaggi olistici, estetica.
Verificato il 5 settembre 2026: nessun dominio proprio."
@_estetica_laura_,Estetica Laura,Cassano Magnago (VA),Estetica,n.d.,1,"Nessun sito: solo Treatwell, Groupon, Facebook e PagineGialle",,,"Buongiorno, sono Patrick Sappa — ho una piccola software house a Seveso, DenkiCode.

Le scrivo perché ho guardato il profilo di Estetica Laura e su Google non trovo un suo sito: c'è Instagram, ci sono le schede degli altri, ma un sito suo no.

Le sue foto erano già metà del lavoro: l'altra metà l'ho fatta io. La bozza del suo sito è già pronta, con le sue immagini e il suo nome — non deve scrivere testi, non deve mandarmi materiale, non deve decidere niente.

Gliela mando qui, la guarda con calma, e se non le piace me lo dice e non ci sentiamo più. Non le costa un euro e non la impegna a niente.

Sul costo non le faccio girare la testa: se poi decidesse di metterlo online, si parla di poche centinaia di euro una volta — non di migliaia — più una quota annuale per tenerlo attivo. Il numero preciso glielo faccio solo se la cosa le interessa davvero.

Gliela mando?","Via Guglielmo Marconi 98, Cassano Magnago - tel./WhatsApp 388 1413192. Laura Marinello.
Verificato il 5 settembre 2026: nessun dominio proprio."
@matta_diteste,Matta di Teste,Somma Lombardo (VA),Parrucchieri/estetica,n.d.,1,Nessun sito: solo Treatwell e Fresha,,,"Buongiorno, sono Patrick Sappa — ho una piccola software house a Seveso, DenkiCode.

Le scrivo perché ho guardato il profilo di Matta di Teste e su Google non trovo un suo sito: c'è Instagram, ci sono le schede degli altri, ma un sito suo no.

Le sue foto erano già metà del lavoro: l'altra metà l'ho fatta io. La bozza del suo sito è già pronta, con le sue immagini e il suo nome — non deve scrivere testi, non deve mandarmi materiale, non deve decidere niente.

Gliela mando qui, la guarda con calma, e se non le piace me lo dice e non ci sentiamo più. Non le costa un euro e non la impegna a niente.

Sul costo non le faccio girare la testa: se poi decidesse di metterlo online, si parla di poche centinaia di euro una volta — non di migliaia — più una quota annuale per tenerlo attivo. Il numero preciso glielo faccio solo se la cosa le interessa davvero.

Gliela mando?","Via Bellaria 7/B, Case Nuove (Somma Lombardo) - tel. 0331 230503. Aperto nel 2020, Daniela Persichino con Clara e Francesca.
Verificato il 5 settembre 2026: nessun dominio proprio."
@hairmedity,Hair Medity,Sesto Calende (VA),Parrucchieri,n.d.,1,Nessun sito: solo Fresha e un articolo di Varesenoi del dicembre 2023,,,"Buongiorno, sono Patrick Sappa — ho una piccola software house a Seveso, DenkiCode.

Le scrivo perché ho guardato il profilo di Hair Medity e su Google non trovo un suo sito: c'è Instagram, ci sono le schede degli altri, ma un sito suo no.

Le sue foto erano già metà del lavoro: l'altra metà l'ho fatta io. La bozza del suo sito è già pronta, con le sue immagini e il suo nome — non deve scrivere testi, non deve mandarmi materiale, non deve decidere niente.

Gliela mando qui, la guarda con calma, e se non le piace me lo dice e non ci sentiamo più. Non le costa un euro e non la impegna a niente.

Sul costo non le faccio girare la testa: se poi decidesse di metterlo online, si parla di poche centinaia di euro una volta — non di migliaia — più una quota annuale per tenerlo attivo. Il numero preciso glielo faccio solo se la cosa le interessa davvero.

Gliela mando?","Via alla Punta 8, Lisanza (Sesto Calende) - tel. 350 1528906. Vittoria e Lilian, aperto a dicembre 2023.
Verificato il 5 settembre 2026: nessun dominio proprio. Attivita nuova: e il momento in cui un sito serve di piu."
@antonella.staff.parrucchiera,Antonella Staff,Sesto Calende (VA),Parrucchieri,n.d.,1,"Nessun sito: solo Facebook, PagineGialle e Virgilio",,,"Buongiorno, sono Patrick Sappa — ho una piccola software house a Seveso, DenkiCode.

Le scrivo perché ho guardato il profilo di Antonella Staff e su Google non trovo un suo sito: c'è Instagram, ci sono le schede degli altri, ma un sito suo no.

Le sue foto erano già metà del lavoro: l'altra metà l'ho fatta io. La bozza del suo sito è già pronta, con le sue immagini e il suo nome — non deve scrivere testi, non deve mandarmi materiale, non deve decidere niente.

Gliela mando qui, la guarda con calma, e se non le piace me lo dice e non ci sentiamo più. Non le costa un euro e non la impegna a niente.

Sul costo non le faccio girare la testa: se poi decidesse di metterlo online, si parla di poche centinaia di euro una volta — non di migliaia — più una quota annuale per tenerlo attivo. Il numero preciso glielo faccio solo se la cosa le interessa davvero.

Gliela mando?","Via Lombardia 36, Sesto Calende - tel. 0331 924968 / 345 4663507. Antonella Comignaghi.
Verificato il 5 settembre 2026: nessun dominio proprio."
@emiliolorisanga,Emilio di Loredana Sanga,Sesto Calende (VA),Parrucchieri,n.d.,1,Nessun sito: solo Facebook e le directory,,,"Buongiorno, sono Patrick Sappa — ho una piccola software house a Seveso, DenkiCode.

Le scrivo perché ho guardato il profilo di Emilio di Loredana Sanga e su Google non trovo un suo sito: c'è Instagram, ci sono le schede degli altri, ma un sito suo no.

Le sue foto erano già metà del lavoro: l'altra metà l'ho fatta io. La bozza del suo sito è già pronta, con le sue immagini e il suo nome — non deve scrivere testi, non deve mandarmi materiale, non deve decidere niente.

Gliela mando qui, la guarda con calma, e se non le piace me lo dice e non ci sentiamo più. Non le costa un euro e non la impegna a niente.

Sul costo non le faccio girare la testa: se poi decidesse di metterlo online, si parla di poche centinaia di euro una volta — non di migliaia — più una quota annuale per tenerlo attivo. Il numero preciso glielo faccio solo se la cosa le interessa davvero.

Gliela mando?","Piazza Garibaldi 32, Sesto Calende - tel. 0331 807237, loredana.sanga@gmail.com. Barbieria storica del paese.
Verificato il 5 settembre 2026: nessun dominio proprio."
@giusicaponnetto_urbancdb,Urban CDB Salon - Giusi Caponnetto,Sesto Calende (VA),Parrucchieri,n.d.,5,Su piattaforma: giusicaponnetto.it e un sito Wix,,,"Buongiorno, sono Patrick Sappa — ho una piccola software house a Seveso, DenkiCode.

Le scrivo perché ho guardato il profilo di Urban CDB Salon - Giusi Caponnetto e quello che ha non è un sito suo: è una pagina su Wix.

Le sue foto erano già metà del lavoro: l'altra metà l'ho fatta io. La bozza del suo sito è già pronta, con le sue immagini e il suo nome — non deve scrivere testi, non deve mandarmi materiale, non deve decidere niente.

Gliela mando qui, la guarda con calma, e se non le piace me lo dice e non ci sentiamo più. Non le costa un euro e non la impegna a niente.

Sul costo non le faccio girare la testa: se poi decidesse di metterlo online, si parla di poche centinaia di euro una volta — non di migliaia — più una quota annuale per tenerlo attivo. Il numero preciso glielo faccio solo se la cosa le interessa davvero.

Gliela mando?","Via Carlo Cattaneo 8, spazio Hangar 12.4, Sesto Calende - tel. 379 1420068, urbancdbgiusi@hotmail.com. Compagnia della Bellezza.
Verificato il 5 settembre 2026: il generator della pagina dichiara «Wix.com Website Builder», la home pesa 1,4 MB e l'anno piu recente nel testo e il 2024."
@centroesteticoalba,Centro Estetico Alba,Tavernerio (CO),Estetica,n.d.,5,Su piattaforma: centroesteticoalba.it e un sito Wix,,,"Buongiorno, sono Patrick Sappa — ho una piccola software house a Seveso, DenkiCode.

Le scrivo perché ho guardato il profilo di Centro Estetico Alba e quello che ha non è un sito suo: è una pagina su Wix.

Le sue foto erano già metà del lavoro: l'altra metà l'ho fatta io. La bozza del suo sito è già pronta, con le sue immagini e il suo nome — non deve scrivere testi, non deve mandarmi materiale, non deve decidere niente.

Gliela mando qui, la guarda con calma, e se non le piace me lo dice e non ci sentiamo più. Non le costa un euro e non la impegna a niente.

Sul costo non le faccio girare la testa: se poi decidesse di metterlo online, si parla di poche centinaia di euro una volta — non di migliaia — più una quota annuale per tenerlo attivo. Il numero preciso glielo faccio solo se la cosa le interessa davvero.

Gliela mando?","Via Como 1, Tavernerio - tel. 031 421031. Oltre 35 anni di attivita, laser a diodo LightSheer.
↺ Il 31 agosto era stata scartata come «sito vero, vivo e aggiornato» senza aprire la pagina (da quel PC i siti piccoli non si aprivano): aperta oggi, e un Wix. Mai contattata.
Verificato il 5 settembre 2026: il generator dichiara «Wix.com Website Builder» e la home pesa 972 KB."
@barber_hermann,La Main Dor - Barber Hermann,Bergamo (BG),Barber,n.d.,1,Nessun sito: solo Instagram,,,"Buongiorno, sono Patrick Sappa — ho una piccola software house a Seveso, DenkiCode.

Le scrivo perché ho guardato il profilo di La Main Dor - Barber Hermann e su Google non trovo un suo sito: c'è Instagram, ci sono le schede degli altri, ma un sito suo no.

Le sue foto erano già metà del lavoro: l'altra metà l'ho fatta io. La bozza del suo sito è già pronta, con le sue immagini e il suo nome — non deve scrivere testi, non deve mandarmi materiale, non deve decidere niente.

Gliela mando qui, la guarda con calma, e se non le piace me lo dice e non ci sentiamo più. Non le costa un euro e non la impegna a niente.

Sul costo non le faccio girare la testa: se poi decidesse di metterlo online, si parla di poche centinaia di euro una volta — non di migliaia — più una quota annuale per tenerlo attivo. Il numero preciso glielo faccio solo se la cosa le interessa davvero.

Gliela mando?","Bergamo - Hermann, italian barber. Taglio lun-sab, preferibilmente su appuntamento.
Verificato il 5 settembre 2026: nessun dominio proprio nei risultati (l'unico omonimo, lamaindor_geneve, e a Ginevra)."
@villarobertoink,Roberto Villa Ink,Bergamo (BG),Tattoo,6800,1,Nessun sito: solo Instagram e le directory dei tatuatori,,,"Buongiorno, sono Patrick Sappa — ho una piccola software house a Seveso, DenkiCode.

Le scrivo perché ho guardato il profilo di Roberto Villa Ink e su Google non trovo un suo sito: c'è Instagram, ci sono le schede degli altri, ma un sito suo no.

Le sue foto erano già metà del lavoro: l'altra metà l'ho fatta io. La bozza del suo sito è già pronta, con le sue immagini e il suo nome — non deve scrivere testi, non deve mandarmi materiale, non deve decidere niente.

Gliela mando qui, la guarda con calma, e se non le piace me lo dice e non ci sentiamo più. Non le costa un euro e non la impegna a niente.

Sul costo non le faccio girare la testa: se poi decidesse di metterlo online, si parla di poche centinaia di euro una volta — non di migliaia — più una quota annuale per tenerlo attivo. Il numero preciso glielo faccio solo se la cosa le interessa davvero.

Gliela mando?","Bergamo - realistico bianco e nero, lavora da martedi a sabato allo studio Wishink.
Verificato il 5 settembre 2026: nessun dominio proprio, e anche wishinktattoo.com e NXDOMAIN. 6.800 follower e 860 post: il portfolio c'e gia tutto, manca solo il posto dove metterlo."
@fede_nailslab.bergamo,Fede Nails Lab,Bergamo (BG),Nail,n.d.,1,Nessun sito: solo Instagram e Facebook,,,"Buongiorno, sono Patrick Sappa — ho una piccola software house a Seveso, DenkiCode.

Le scrivo perché ho guardato il profilo di Fede Nails Lab e su Google non trovo un suo sito: c'è Instagram, ci sono le schede degli altri, ma un sito suo no.

Le sue foto erano già metà del lavoro: l'altra metà l'ho fatta io. La bozza del suo sito è già pronta, con le sue immagini e il suo nome — non deve scrivere testi, non deve mandarmi materiale, non deve decidere niente.

Gliela mando qui, la guarda con calma, e se non le piace me lo dice e non ci sentiamo più. Non le costa un euro e non la impegna a niente.

Sul costo non le faccio girare la testa: se poi decidesse di metterlo online, si parla di poche centinaia di euro una volta — non di migliaia — più una quota annuale per tenerlo attivo. Il numero preciso glielo faccio solo se la cosa le interessa davvero.

Gliela mando?","Bergamo - Federica: manicure russa e trattamento onicofagia.
Verificato il 5 settembre 2026: fedestetista.it e di un'altra professionista, non sua. Nessun dominio proprio."
@tthailash,TThai Lash,Bergamo (BG),Ciglia,4080,1,Nessun sito: solo Instagram,,,"Buongiorno, sono Patrick Sappa — ho una piccola software house a Seveso, DenkiCode.

Le scrivo perché ho guardato il profilo di TThai Lash e su Google non trovo un suo sito: c'è Instagram, ci sono le schede degli altri, ma un sito suo no.

Le sue foto erano già metà del lavoro: l'altra metà l'ho fatta io. La bozza del suo sito è già pronta, con le sue immagini e il suo nome — non deve scrivere testi, non deve mandarmi materiale, non deve decidere niente.

Gliela mando qui, la guarda con calma, e se non le piace me lo dice e non ci sentiamo più. Non le costa un euro e non la impegna a niente.

Sul costo non le faccio girare la testa: se poi decidesse di metterlo online, si parla di poche centinaia di euro una volta — non di migliaia — più una quota annuale per tenerlo attivo. Il numero preciso glielo faccio solo se la cosa le interessa davvero.

Gliela mando?","Bergamo centro - extension ciglia, 3 anni di attivita.
Verificato il 5 settembre 2026: nessun dominio proprio. In zona chi ha il sito (Heylash, Light Lashes) e una catena o un'academy."
@parrucchiereyou,Parrucchiere You by Daniela,Dalmine (BG),Parrucchieri,n.d.,1,Nessun sito: solo Instagram,,,"Buongiorno, sono Patrick Sappa — ho una piccola software house a Seveso, DenkiCode.

Le scrivo perché ho guardato il profilo di Parrucchiere You by Daniela e su Google non trovo un suo sito: c'è Instagram, ci sono le schede degli altri, ma un sito suo no.

Le sue foto erano già metà del lavoro: l'altra metà l'ho fatta io. La bozza del suo sito è già pronta, con le sue immagini e il suo nome — non deve scrivere testi, non deve mandarmi materiale, non deve decidere niente.

Gliela mando qui, la guarda con calma, e se non le piace me lo dice e non ci sentiamo più. Non le costa un euro e non la impegna a niente.

Sul costo non le faccio girare la testa: se poi decidesse di metterlo online, si parla di poche centinaia di euro una volta — non di migliaia — più una quota annuale per tenerlo attivo. Il numero preciso glielo faccio solo se la cosa le interessa davvero.

Gliela mando?","Dalmine - parrucchiere per donna.
Verificato il 5 settembre 2026: nessun dominio proprio nei risultati."
@beauty.nails.linda,Beauty Nails - Russian Technique,Stezzano (BG),Nail,n.d.,1,Nessun sito: solo Instagram,,,"Buongiorno, sono Patrick Sappa — ho una piccola software house a Seveso, DenkiCode.

Le scrivo perché ho guardato il profilo di Beauty Nails - Russian Technique e su Google non trovo un suo sito: c'è Instagram, ci sono le schede degli altri, ma un sito suo no.

Le sue foto erano già metà del lavoro: l'altra metà l'ho fatta io. La bozza del suo sito è già pronta, con le sue immagini e il suo nome — non deve scrivere testi, non deve mandarmi materiale, non deve decidere niente.

Gliela mando qui, la guarda con calma, e se non le piace me lo dice e non ci sentiamo più. Non le costa un euro e non la impegna a niente.

Sul costo non le faccio girare la testa: se poi decidesse di metterlo online, si parla di poche centinaia di euro una volta — non di migliaia — più una quota annuale per tenerlo attivo. Il numero preciso glielo faccio solo se la cosa le interessa davvero.

Gliela mando?","Stezzano - tel. 035 3056938. Manicure russa e ricostruzione.
Verificato il 5 settembre 2026: nessun dominio proprio."
@spinelli_parrucchieri,Spinelli Parrucchieri,Verdello (BG),Parrucchieri,n.d.,1,"Nessun sito: solo Fresha, PagineBianche e PagineGialle",,,"Buongiorno, sono Patrick Sappa — ho una piccola software house a Seveso, DenkiCode.

Le scrivo perché ho guardato il profilo di Spinelli Parrucchieri e su Google non trovo un suo sito: c'è Instagram, ci sono le schede degli altri, ma un sito suo no.

Le sue foto erano già metà del lavoro: l'altra metà l'ho fatta io. La bozza del suo sito è già pronta, con le sue immagini e il suo nome — non deve scrivere testi, non deve mandarmi materiale, non deve decidere niente.

Gliela mando qui, la guarda con calma, e se non le piace me lo dice e non ci sentiamo più. Non le costa un euro e non la impegna a niente.

Sul costo non le faccio girare la testa: se poi decidesse di metterlo online, si parla di poche centinaia di euro una volta — non di migliaia — più una quota annuale per tenerlo attivo. Il numero preciso glielo faccio solo se la cosa le interessa davvero.

Gliela mando?","Via Adua 4, Verdello - tel. 035 885399. Uomo e donna.
Verificato il 5 settembre 2026: nessun dominio proprio."
@josef_barber_vip_varese,Josef Barber VIP,Varese (VA),Barber,6268,1,Nessun sito: solo Instagram e Facebook,,,"Buongiorno, sono Patrick Sappa — ho una piccola software house a Seveso, DenkiCode.

Le scrivo perché ho guardato il profilo di Josef Barber VIP e su Google non trovo un suo sito: c'è Instagram, ci sono le schede degli altri, ma un sito suo no.

Le sue foto erano già metà del lavoro: l'altra metà l'ho fatta io. La bozza del suo sito è già pronta, con le sue immagini e il suo nome — non deve scrivere testi, non deve mandarmi materiale, non deve decidere niente.

Gliela mando qui, la guarda con calma, e se non le piace me lo dice e non ci sentiamo più. Non le costa un euro e non la impegna a niente.

Sul costo non le faccio girare la testa: se poi decidesse di metterlo online, si parla di poche centinaia di euro una volta — non di migliaia — più una quota annuale per tenerlo attivo. Il numero preciso glielo faccio solo se la cosa le interessa davvero.

Gliela mando?","Via Cavour 31, Varese - tel. 351 7903773 / 389 9039667, tutti i giorni 9-21.
Verificato il 5 settembre 2026: nessun dominio proprio. Gli altri Josef Barber di Varese stanno su sites.google.com; questo non ha nemmeno quello."
@parrucchieri_in_varese_fz,Parrucchieri in Varese FZ,Varese (VA),Parrucchieri,4759,1,"Nessun sito: solo Fresha, Facebook e un articolo di VareseNews",,,"Buongiorno, sono Patrick Sappa — ho una piccola software house a Seveso, DenkiCode.

Le scrivo perché ho guardato il profilo di Parrucchieri in Varese FZ e su Google non trovo un suo sito: c'è Instagram, ci sono le schede degli altri, ma un sito suo no.

Le sue foto erano già metà del lavoro: l'altra metà l'ho fatta io. La bozza del suo sito è già pronta, con le sue immagini e il suo nome — non deve scrivere testi, non deve mandarmi materiale, non deve decidere niente.

Gliela mando qui, la guarda con calma, e se non le piace me lo dice e non ci sentiamo più. Non le costa un euro e non la impegna a niente.

Sul costo non le faccio girare la testa: se poi decidesse di metterlo online, si parla di poche centinaia di euro una volta — non di migliaia — più una quota annuale per tenerlo attivo. Il numero preciso glielo faccio solo se la cosa le interessa davvero.

Gliela mando?","Galleria Manzoni, Via Ugo Foscolo 10, Varese - tel. 0332 283622 / 324 5865005. Farouk Zarzouri, dieci anni a Varese.
Verificato il 5 settembre 2026: nessun dominio proprio. Fa promozioni ricorrenti e le annuncia solo su Facebook."
@acconciature_gabardi,Acconciature Gabardi,Solbiate Olona (VA),Parrucchieri,n.d.,1,Nessun sito: solo Instagram e le directory di categoria,,,"Buongiorno, sono Patrick Sappa — ho una piccola software house a Seveso, DenkiCode.

Le scrivo perché ho guardato il profilo di Acconciature Gabardi e su Google non trovo un suo sito: c'è Instagram, ci sono le schede degli altri, ma un sito suo no.

Le sue foto erano già metà del lavoro: l'altra metà l'ho fatta io. La bozza del suo sito è già pronta, con le sue immagini e il suo nome — non deve scrivere testi, non deve mandarmi materiale, non deve decidere niente.

Gliela mando qui, la guarda con calma, e se non le piace me lo dice e non ci sentiamo più. Non le costa un euro e non la impegna a niente.

Sul costo non le faccio girare la testa: se poi decidesse di metterlo online, si parla di poche centinaia di euro una volta — non di migliaia — più una quota annuale per tenerlo attivo. Il numero preciso glielo faccio solo se la cosa le interessa davvero.

Gliela mando?","Via Sant'Anna 6, Solbiate Olona - tel. 0331 640044. Acconciature Gabardi Fabio.
Verificato il 5 settembre 2026: nessun dominio proprio."
@laparrucchieria.olgiateolona,La Parrucchieria,Olgiate Olona (VA),Parrucchieri,n.d.,1,"Nessun sito: solo Fresha, Treatwell e Facebook",,,"Buongiorno, sono Patrick Sappa — ho una piccola software house a Seveso, DenkiCode.

Le scrivo perché ho guardato il profilo di La Parrucchieria e su Google non trovo un suo sito: c'è Instagram, ci sono le schede degli altri, ma un sito suo no.

Le sue foto erano già metà del lavoro: l'altra metà l'ho fatta io. La bozza del suo sito è già pronta, con le sue immagini e il suo nome — non deve scrivere testi, non deve mandarmi materiale, non deve decidere niente.

Gliela mando qui, la guarda con calma, e se non le piace me lo dice e non ci sentiamo più. Non le costa un euro e non la impegna a niente.

Sul costo non le faccio girare la testa: se poi decidesse di metterlo online, si parla di poche centinaia di euro una volta — non di migliaia — più una quota annuale per tenerlo attivo. Il numero preciso glielo faccio solo se la cosa le interessa davvero.

Gliela mando?","Via Armando Diaz 9, Olgiate Olona - Irene. Lun 9-14, mar-ven 9-18, mer 14-20, sab 8-17.
Verificato il 5 settembre 2026: nessun dominio proprio."
