comune,km,nome,piva,settore,ateco,attivita,fatturato,anno,personale,dipendenti,indirizzo,prova
Seveso,0.0,FOUR STUDIOS EQUIPMENT & SERVICE S.R.L.,09468600961,Allestimento,77.39.94,"Noleggio di strutture ed attrezzature per manifestazioni e spettacoli: impianti luce ed audio senza operatore, palchi, stand ed addobbi luminosi",1323633,2024,398932,da 16 a 19,"Via Alessandro Manzoni, 9","PG «four studios equipment service» in seveso: 0 risultati, nessuno con nome e comune coincidenti"
Bovisio-masciago,3.8,NEW PROJECT SRL,11413180966,Facchinaggio,52.24.4,Movimento merci relativo ad altri trasporti terrestri,288134,2021,210041,da 3 a 5,"Via Ponchielli, 15","PG «new project» in bovisio-masciago: 6 risultati, nessuno con nome e comune coincidenti"
Lentate Sul Seveso,4.2,GIMAGI S.R.L.,11078770960,Allestimento,77.39.94,"Noleggio di strutture ed attrezzature per manifestazioni e spettacoli: impianti luce ed audio senza operatore, palchi, stand ed addobbi luminosi",557729,2023,85561,da 10 a 15,"Piazza San Vito, 13","PG «gimagi» in lentate sul seveso: 0 risultati, nessuno con nome e comune coincidenti"
Seregno,5.3,N.B. LOGISTICA S.R.L.,10086410965,Facchinaggio,52.24.4,Movimento merci relativo ad altri trasporti terrestri,1336264,2024,747289,da 20 a 49,"Via Claudio Monteverdi, 8","PG «nb logistica» in seregno: 25 risultati, nessuno con nome e comune coincidenti"
Solaro,5.6,AMICI SRLS,12548640965,Facchinaggio,52.24.4,Movimento merci relativo ad altri trasporti terrestri,1379248,2024,808287,da 20 a 49,"Via San Giovanni Bosco, 28","PG «amici» in solaro: 17 risultati, nessuno con nome e comune coincidenti"
Senago,7.4,AKA DESIGN S.R.L.,10138710966,Allestimento,77.39.94,"Noleggio di strutture ed attrezzature per manifestazioni e spettacoli: impianti luce ed audio senza operatore, palchi, stand ed addobbi luminosi",952063,2024,128448,da 3 a 5,"Via Mazzini, 1","PG «aka design» in senago: 22 risultati, nessuno con nome e comune coincidenti"
Saronno,8.2,FONSECA CORPORATION SOCIETA' COOPERATIVA,03288580123,Facchinaggio,52.24.4,Movimento merci relativo ad altri trasporti terrestri,503966,,,,"Via Monte Sabotino, 17","PG «fonseca corporation» in saronno: 0 risultati, nessuno con nome e comune coincidenti"
Saronno,8.2,GG SUPPORTO LOGISTICO SRLS,03595200126,Facchinaggio,52.24.4,Movimento merci relativo ad altri trasporti terrestri,484106,2019,196160,1,"Via Giuditta Pasta, 23","PG «gg supporto logistico» in saronno: 0 risultati, nessuno con nome e comune coincidenti"
Paderno Dugnano,8.3,HIGH SPEED SOCIETA' COOPERATIVA IN BREVE HS SOC. COOP.,10785300962,Facchinaggio,52.24.4,Movimento merci relativo ad altri trasporti terrestri,1390257,,,,"Via Iv Novembre, 7/A","PG «high speed hs» in paderno dugnano: 0 risultati, nessuno con nome e comune coincidenti"
Paderno Dugnano,8.3,SCENOLUMINOSO S.R.L.,13526050961,Allestimento,90.02.01,Noleggio con operatore di strutture ed attrezzature per manifestazioni e spettacoli,939638,2024,311129,da 10 a 15,"Via Magretti, 22","PG «scenoluminoso» in paderno dugnano: 0 risultati, nessuno con nome e comune coincidenti"
Paderno Dugnano,8.3,STARK COSTRUZIONI EDILI S.R.L.,09112070967,Facchinaggio,52.24.4,Movimento merci relativo ad altri trasporti terrestri,578038,2021,393204,nessuno,"Via San Martino, 29","PG «stark costruzioni edili» in paderno dugnano: 1 risultati, nessuno con nome e comune coincidenti"
Carate Brianza,8.6,GRUPPO BIESSE S.R.L.,10650470965,Allestimento,77.39.94,"Noleggio di strutture ed attrezzature per manifestazioni e spettacoli: impianti luce ed audio senza operatore, palchi, stand ed addobbi luminosi",768199,2023,202237,da 3 a 5,"Via Cavour, 5/7","PG «gruppo biesse» in carate brianza: 0 risultati, nessuno con nome e comune coincidenti"
Lissone,8.8,LMS S.R.L.,10490850962,Allestimento,77.39.94,"Noleggio di strutture ed attrezzature per manifestazioni e spettacoli: impianti luce ed audio senza operatore, palchi, stand ed addobbi luminosi",789609,2023,112316,da 3 a 5,"Via Mario Corino, 30","PG «lms» in lissone: 1 risultati, nessuno con nome e comune coincidenti"
Lissone,8.8,MARIANI TRASPORTI S.R.L.S. SOCIETA' A RESPONSABILITA' LIMITATA SE MPLIFICATA,10350880968,Facchinaggio,52.24.4,Movimento merci relativo ad altri trasporti terrestri,410578,2024,86244,da 3 a 5,"Via Caprera, 5","PG «mariani trasporti se mplificata» in lissone: 25 risultati, nessuno con nome e comune coincidenti"
Bollate,10.5,XCOMPANY S.R.L.,10086400966,Allestimento,77.39.94,"Noleggio di strutture ed attrezzature per manifestazioni e spettacoli: impianti luce ed audio senza operatore, palchi, stand ed addobbi luminosi",3674847,2024,525334,da 10 a 15,"Via Iv Novembre, 92INT.10","PG «xcompany» in bollate: 17 risultati, nessuno con nome e comune coincidenti"
Cinisello Balsamo,11.6,CO.DI S. COOPERATIVA A R.L.,03290530967,Facchinaggio,52.24,Movimentazione merci,2661953,,,,"Via Garibaldi, 13","PG «co» in cinisello balsamo: 25 risultati, nessuno con nome e comune coincidenti"
Lainate,11.8,EVOLUTION RENTV S.R.L.,10422750967,Allestimento,77.39.94,"Noleggio di strutture ed attrezzature per manifestazioni e spettacoli: impianti luce ed audio senza operatore, palchi, stand ed addobbi luminosi",636789,2024,268697,da 3 a 5,"Via F.lli Cairoli, 50","PG «evolution rentv» in lainate: 0 risultati, nessuno con nome e comune coincidenti"
Lainate,11.8,MOVITEK SOCIETA' A RESPONSABILITA' LIMITATA SEMPLIFICATA,10633740963,Facchinaggio,52.24,Movimentazione merci,363734,2024,112158,da 3 a 5,"Via Rubicone, 16","PG «movitek» in lainate: 0 risultati, nessuno con nome e comune coincidenti"
Novate Milanese,12.4,JET SERVICE SOCIETA' COOPERATIVA,08108680961,Facchinaggio,52.24.4,Movimento merci relativo ad altri trasporti terrestri,1526969,,,,"Via Vialba, 52","PG «jet service» in novate milanese: 7 risultati, nessuno con nome e comune coincidenti"
Monza,12.5,MD SERVIZI SRL,11292280960,Facchinaggio,52.24.4,Movimento merci relativo ad altri trasporti terrestri,3588669,2024,2017143,da 50 a 99,"Via Francesco Frisi, 20","PG «md servizi» in monza: 4 risultati, nessuno con nome e comune coincidenti"
Bresso,12.5,H.L.S. HANDLING LOGISTICA SERVIZI SOCIETA' COOPERATIVA IN LIQUIDA ZIONE,09492070967,Facchinaggio,52.24.4,Movimento merci relativo ad altri trasporti terrestri,1506720,,,,"Via Ambrogio Strada, 5","PG «hls handling logistica servizi liquida zione» in bresso: 25 risultati, nessuno con nome e comune coincidenti"
Monza,12.5,C & G OMNIALOGISTICA SOCIETA' COOPERATIVA,05591640965,Facchinaggio,52.24.4,Movimento merci relativo ad altri trasporti terrestri,1024080,,,,"Via Sorteni, 5","PG «ceg omnialogistica» in monza: 0 risultati, nessuno con nome e comune coincidenti"
Monza,12.5,MB-LOGISTIC S.R.L.,11899020967,Facchinaggio,52.24.4,Movimento merci relativo ad altri trasporti terrestri,720000,2024,455453,da 6 a 9,"Via Passerini, 2","PG «mb logistic» in monza: 3 risultati, nessuno con nome e comune coincidenti"
Sesto San Giovanni,14.4,ISAF SERVIZI S.R.L.S.,10428200967,Facchinaggio,52.24.4,Movimento merci relativo ad altri trasporti terrestri,1493944,2019,1450318,1,"Via Monte Grappa, 167","PG «isaf servizi» in sesto san giovanni: 9 risultati, nessuno con nome e comune coincidenti"
Pero,15.3,02 LOGISTICS SRLS,11626660960,Facchinaggio,52.24.4,Movimento merci relativo ad altri trasporti terrestri,1183438,2024,169842,da 6 a 9,"Via Piave, 24/26","PG «02 logistics» in pero: 1 risultati, nessuno con nome e comune coincidenti"
Pero,15.3,AUTOMOTIVE HUB S.R.L,13156470968,Facchinaggio,52.24.4,Movimento merci relativo ad altri trasporti terrestri,1171622,2024,135605,da 3 a 5,"Via Piave, 33","PG «automotive hub» in pero: 25 risultati, nessuno con nome e comune coincidenti"
Pero,15.3,DSI DISTRIBUZIONE SERVIZI ITALIA SRL IN BREVE DSI SRL,08944190969,Allestimento,77.39.94,"Noleggio di strutture ed attrezzature per manifestazioni e spettacoli: impianti luce ed audio senza operatore, palchi, stand ed addobbi luminosi",963612,2023,136224,da 3 a 5,"Via Figino, 45","PG «dsi distribuzione servizi italia dsi» in pero: 0 risultati, nessuno con nome e comune coincidenti"
Pero,15.3,TRASPOWAY - SOCIETA' COOPERATIVA,08965350963,Facchinaggio,52.24,Movimentazione merci,352431,,,,"Via Newton, 12","PG «traspoway» in pero: 0 risultati, nessuno con nome e comune coincidenti"
Pogliano Milanese,16.3,PRODUZIONI MILANO S.R.L.,09930490967,Allestimento,77.39.94,"Noleggio di strutture ed attrezzature per manifestazioni e spettacoli: impianti luce ed audio senza operatore, palchi, stand ed addobbi luminosi",4302816,2024,809567,da 16 a 19,"Via Tasso, 10","PG «produzioni milano» in pogliano milanese: 25 risultati, nessuno con nome e comune coincidenti"
Brugherio,16.4,TERZA S.R.L.,05955610968,Allestimento,77.39.94,"Noleggio di strutture ed attrezzature per manifestazioni e spettacoli: impianti luce ed audio senza operatore, palchi, stand ed addobbi luminosi",400000,2024,,1,"Via Daniele Manin, 5","PG «terza» in brugherio: 25 risultati, nessuno con nome e comune coincidenti"
Concorezzo,16.6,ALMATADEMA SRL,11311560962,Facchinaggio,52.24.4,Movimento merci relativo ad altri trasporti terrestri,814317,2023,262732,da 6 a 9,"Via Roma, 50","PG «almatadema» in concorezzo: 0 risultati, nessuno con nome e comune coincidenti"
Cologno Monzese,16.8,STAGETECH SRL,09889830965,Allestimento,77.39.94,"Noleggio di strutture ed attrezzature per manifestazioni e spettacoli: impianti luce ed audio senza operatore, palchi, stand ed addobbi luminosi",1129004,2024,210502,da 3 a 5,"Viale Spagna, 150/B","PG «stagetech» in cologno monzese: 0 risultati, nessuno con nome e comune coincidenti"
Cologno Monzese,16.8,MANILA MULTISERVIZI SOCIETA' COOPERATIVA S.R.L.,07114730968,Facchinaggio,52.24,Movimentazione merci,655695,,,,"Via Montegrappa, 32","PG «manila multiservizi» in cologno monzese: 0 risultati, nessuno con nome e comune coincidenti"
Vanzago,17.1,EXE STUDIO S.R.L.S.,10254330961,Allestimento,77.39.94,"Noleggio di strutture ed attrezzature per manifestazioni e spettacoli: impianti luce ed audio senza operatore, palchi, stand ed addobbi luminosi",655997,2019,277886,nessuno,"Via Della Corte Bruciata, 17/19/21","PG «exe studio» in vanzago: 1 risultati, nessuno con nome e comune coincidenti"
Pregnana Milanese,17.4,ART E SERVICE S.R.L.S.,10577590960,Allestimento,90.02.01,Noleggio con operatore di strutture ed attrezzature per manifestazioni e spettacoli,337305,2024,83044,2,"Via Meucci, 29","PG «art service» in pregnana milanese: 5 risultati, nessuno con nome e comune coincidenti"
Parabiago,17.5,SMART LOG S.R.L.,15400691000,Facchinaggio,52.24,Movimentazione merci,3980100,2024,3224568,da 50 a 99,"Via Matteotti, 59","PG «smart log» in parabiago: 24 risultati, nessuno con nome e comune coincidenti"
Parabiago,17.5,PAK WORK SOCIETA' A RESPONSABILITA' LIMITATA SEMPLIFICATA IN LIQU IDAZIONE,08628380969,Facchinaggio,52.24,Movimentazione merci,405322,2017,360839,da 20 a 49,"Via Brisa, 34","PG «pak work liqu idazione» in parabiago: 0 risultati, nessuno con nome e comune coincidenti"
Legnano,17.9,IKE DESIGN SRL,13201090969,Allestimento,77.39.94,"Noleggio di strutture ed attrezzature per manifestazioni e spettacoli: impianti luce ed audio senza operatore, palchi, stand ed addobbi luminosi",312498,2024,67936,da 3 a 5,"Via Giovanni Restelli, 24","PG «ike design» in legnano: 23 risultati, nessuno con nome e comune coincidenti"
Agrate Brianza,18.2,EXPO PROJECT  &  EVENT'S S.R.L. CON UNICO SOCIO,06448870961,Allestimento,77.39.94,"Noleggio di strutture ed attrezzature per manifestazioni e spettacoli: impianti luce ed audio senza operatore, palchi, stand ed addobbi luminosi",689542,2024,187324,da 3 a 5,"Via Trivulzina, 13/35","PG «expo project event» in agrate brianza: 1 risultati, nessuno con nome e comune coincidenti"
Vimodrone,18.5,SAVE TECHNOLOGY S.R.L.,05559430961,Allestimento,77.39.94,"Noleggio di strutture ed attrezzature per manifestazioni e spettacoli: impianti luce ed audio senza operatore, palchi, stand ed addobbi luminosi",1048196,2024,183521,da 3 a 5,"Strada Padana Superiore, 317","PG «save technology» in vimodrone: 0 risultati, nessuno con nome e comune coincidenti"
Carugate,19.1,MULTISERVIZI BRIANZA SOCIETA' A RESPONSABILITA' LIMITATA SEMPLIFI CATA,12111340969,Facchinaggio,52.24.4,Movimento merci relativo ad altri trasporti terrestri,1149895,2024,758887,da 50 a 99,"Via Cesare Battisti, 133","PG «multiservizi brianza semplifi cata» in carugate: 0 risultati, nessuno con nome e comune coincidenti"
Como,19.2,AZZURRA - SOCIETA' COOPERATIVA,02960210132,Facchinaggio,52.24,Movimentazione merci,3309894,,,,"Via Martino Anzi, 8","PG «azzurra» in como: 25 risultati, nessuno con nome e comune coincidenti"
Como,19.2,BSL GROUP SERVICE SRL,03675850139,Facchinaggio,52.24.4,Movimento merci relativo ad altri trasporti terrestri,2011975,2020,641118,nessuno,"Via Parini, 10","PG «bsl group service» in como: 0 risultati, nessuno con nome e comune coincidenti"
Como,19.2,TEN SERVICE S.R.L.,04081350136,Facchinaggio,52.24,Movimentazione merci,1513978,2023,1174010,da 100 a 199,"Via Canturina, 49","PG «ten service» in como: 0 risultati, nessuno con nome e comune coincidenti"
Como,19.2,CONCEPT BOSI S.R.L.,04043300138,Allestimento,77.39.94,"Noleggio di strutture ed attrezzature per manifestazioni e spettacoli: impianti luce ed audio senza operatore, palchi, stand ed addobbi luminosi",693434,2024,,1,"Via Cesare Cantu', 50","PG «concept bosi» in como: 0 risultati, nessuno con nome e comune coincidenti"
Settimo Milanese,19.3,DMZEXPO SRL,08994410960,Allestimento,77.39.94,"Noleggio di strutture ed attrezzature per manifestazioni e spettacoli: impianti luce ed audio senza operatore, palchi, stand ed addobbi luminosi",487536,2024,118373,2,"Via Albert Bruce Sabin, 26","PG «dmzexpo» in settimo milanese: 0 risultati, nessuno con nome e comune coincidenti"
Tradate,19.8,CUB-O S.R.L.,03029610122,Allestimento,77.39.94,"Noleggio di strutture ed attrezzature per manifestazioni e spettacoli: impianti luce ed audio senza operatore, palchi, stand ed addobbi luminosi",1900818,2024,160039,da 6 a 9,"Via Cimarosa, 10","PG «cub» in tradate: 2 risultati, nessuno con nome e comune coincidenti"
Cernusco Sul Naviglio,20.0,DYNAMIC LOG SOCIETA' COOPERATIVA,08885780968,Facchinaggio,52.24.4,Movimento merci relativo ad altri trasporti terrestri,3111823,,,,"Via Verdi, 40","PG «dynamic log» in cernusco sul naviglio: 20 risultati, nessuno con nome e comune coincidenti"
Cernusco Sul Naviglio,20.0,NEW RAPID SOCIETA' COOPERATIVA,09629060964,Facchinaggio,52.24.4,Movimento merci relativo ad altri trasporti terrestri,790182,,,,"Via Torino, 34/B","PG «new rapid» in cernusco sul naviglio: 0 risultati, nessuno con nome e comune coincidenti"
Cernusco Sul Naviglio,20.0,AMAX SERVICE SOCIETA' A RESPONSABILITA' LIMITATA SEMPLIFICATA,13132760961,Facchinaggio,52.24.4,Movimento merci relativo ad altri trasporti terrestri,726590,2024,646282,da 20 a 49,"Via Giuseppe Mazzini, 3/A","PG «amax service» in cernusco sul naviglio: 0 risultati, nessuno con nome e comune coincidenti"
Milano,20.3,GESTILOG SOCIETA' COOPERATIVA,07767520963,Facchinaggio,52.24.4,Movimento merci relativo ad altri trasporti terrestri,9884659,,,,"Via Giuseppe Prina, 15","PG «gestilog» in milano: 0 risultati, nessuno con nome e comune coincidenti"
Milano,20.3,PAD LOG S.R.L.,08877890965,Facchinaggio,52.24,Movimentazione merci,9524189,2024,7878357,da 50 a 99,"Corso Magenta, 56","PG «pad log» in milano: 0 risultati, nessuno con nome e comune coincidenti"
Milano,20.3,TEAMWORK SOCIETA' COOPERATIVA A RESPONSABILITA' LIMITATA,11226560966,Facchinaggio,52.24.4,Movimento merci relativo ad altri trasporti terrestri,9262585,,,,"Via Donizetti, 38","PG «teamwork» in milano: 1 risultati, nessuno con nome e comune coincidenti"
Milano,20.3,SOLUZIONI VINCENTI PER AZIENDE SOCIETA' COOPERATIVA,09604510967,Facchinaggio,52.24.4,Movimento merci relativo ad altri trasporti terrestri,9159462,,,,"Via Barigozzi, 2","PG «soluzioni vincenti aziende» in milano: 1 risultati, nessuno con nome e comune coincidenti"
Milano,20.3,BBLOG SRL,03993610132,Facchinaggio,52.24,Movimentazione merci,8876518,2024,6264179,da 100 a 199,"Corso Venezia, 43","PG «bblog» in milano: 0 risultati, nessuno con nome e comune coincidenti"
Milano,20.3,LA LOGISTICA MILANESE S.R.L.,11073770965,Facchinaggio,52.24.4,Movimento merci relativo ad altri trasporti terrestri,8224193,2020,2540463,da 50 a 99,"Viale Monza, 347","PG «la logistica milanese» in milano: 12 risultati, nessuno con nome e comune coincidenti"
Milano,20.3,BARTOLINI CORRIERE ESPRESSO S.R.L.,13040701008,Facchinaggio,52.24.4,Movimento merci relativo ad altri trasporti terrestri,7904043,2024,5042512,da 500 a 999,"Piazzale Luigi Cadorna, 4","PG «bartolini corriere espresso» in milano: 0 risultati, nessuno con nome e comune coincidenti"
Milano,20.3,ADRIATICA SOCIETA' COOPERATIVA,10567890966,Facchinaggio,52.24.4,Movimento merci relativo ad altri trasporti terrestri,6928129,,,,"Via Valsugana, 15","PG «adriatica» in milano: 3 risultati, nessuno con nome e comune coincidenti"
Milano,20.3,EUROSTANDS S.R.L.,13186840156,Allestimento,77.39.94,"Noleggio di strutture ed attrezzature per manifestazioni e spettacoli: impianti luce ed audio senza operatore, palchi, stand ed addobbi luminosi",6310899,2023,2266326,da 20 a 49,"Corso Monforte, 16","PG «eurostands» in milano: 0 risultati, nessuno con nome e comune coincidenti"
Milano,20.3,XENEIZE SOCIETA' COOPERATIVA A RESPONSABILITA' LIMITATA,13278870962,Facchinaggio,52.24.4,Movimento merci relativo ad altri trasporti terrestri,5756433,,,,"Viale Umbria, 71","PG «xeneize» in milano: 0 risultati, nessuno con nome e comune coincidenti"
Milano,20.3,WLS SRL,08554210966,Facchinaggio,52.24,Movimentazione merci,5538615,2024,4202455,da 100 a 199,"Via Cappuccini, 6","PG «wls» in milano: 0 risultati, nessuno con nome e comune coincidenti"
Milano,20.3,AGEM S.R.L.,09071140967,Allestimento,90.02.01,Noleggio con operatore di strutture ed attrezzature per manifestazioni e spettacoli,5140400,2018,,,"Via Torino, 2","PG «agem» in milano: 10 risultati, nessuno con nome e comune coincidenti"
Milano,20.3,QS SERVICE SOCIETA' COOPERATIVA,04225430166,Facchinaggio,52.24,Movimentazione merci,5002323,,,,"Via Pietro Mascagni, 33","PG «qs service» in milano: 1 risultati, nessuno con nome e comune coincidenti"
Milano,20.3,EKO LOGISTICA SRLS,11510640961,Facchinaggio,52.24.4,Movimento merci relativo ad altri trasporti terrestri,4659372,2024,686461,da 20 a 49,"Via Mauro Macchi, 73","PG «eko logistica» in milano: 1 risultati, nessuno con nome e comune coincidenti"
Milano,20.3,CONSORZIO EDILCOOP,10511970963,Facchinaggio,52.24.4,Movimento merci relativo ad altri trasporti terrestri,4590552,2023,77988,da 3 a 5,"Via Manfredo Camperio, 14","PG «consorzio edilcoop» in milano: 25 risultati, nessuno con nome e comune coincidenti"
Milano,20.3,D.R.T. SERVICE SOCIETA' COOPERATIVA,02675550186,Facchinaggio,52.24.4,Movimento merci relativo ad altri trasporti terrestri,4519517,,,,"Via Vincenzo Monti, 8","PG «drt service» in milano: 0 risultati, nessuno con nome e comune coincidenti"
Milano,20.3,TRA.NA.I. S.R.L.,03855290155,Facchinaggio,52.24,Movimentazione merci,4194712,2024,992759,da 20 a 49,"Via Tiziano, 0021","PG «tra na i» in milano: 12 risultati, nessuno con nome e comune coincidenti"
Milano,20.3,WAVE S.R.L.,10476560965,Facchinaggio,52.24.4,Movimento merci relativo ad altri trasporti terrestri,4102350,2023,1995921,da 100 a 199,"Via Delle Forze Armate, 249","PG «wave» in milano: 14 risultati, nessuno con nome e comune coincidenti"
Milano,20.3,SO.CO.MA. SOCIETA' COOPERATIVA MANUTENZIONE PER AZIONI,07194390154,Facchinaggio,52.24.4,Movimento merci relativo ad altri trasporti terrestri,3814090,,,,"Via Giovanni Pascoli, 33","PG «so co ma manutenzione» in milano: 24 risultati, nessuno con nome e comune coincidenti"
Milano,20.3,FA-MA S.R.L.,10567610968,Facchinaggio,52.24.4,Movimento merci relativo ad altri trasporti terrestri,3709608,2019,2918648,nessuno,"Via Agostino De Pretis, 19","PG «fa ma» in milano: 10 risultati, nessuno con nome e comune coincidenti"
Milano,20.3,EDAIS S.R.L.,08461050968,Facchinaggio,52.24,Movimentazione merci,3670216,2016,155557,da 6 a 9,"Via Adami, 7","PG «edais» in milano: 1 risultati, nessuno con nome e comune coincidenti"
Milano,20.3,TEAM UP S.R.L.,09267490960,Facchinaggio,52.24,Movimentazione merci,3642349,2022,2456237,da 50 a 99,"Via Boccaccio, 20","PG «team up» in milano: 1 risultati, nessuno con nome e comune coincidenti"
Milano,20.3,ARTEXPO GROUP SRL,12773690966,Allestimento,77.39.94,"Noleggio di strutture ed attrezzature per manifestazioni e spettacoli: impianti luce ed audio senza operatore, palchi, stand ed addobbi luminosi",3596862,2024,738623,da 16 a 19,"Via Giorgio Washington, 104","PG «artexpo group» in milano: 0 risultati, nessuno con nome e comune coincidenti"
Milano,20.3,COSMO TRES SERVIZI SRL,10947460969,Facchinaggio,52.24,Movimentazione merci,3494400,2021,2406373,da 50 a 99,"Via Privata Del Gonfalone, 3","PG «cosmo tres servizi» in milano: 0 risultati, nessuno con nome e comune coincidenti"
Milano,20.3,ECOERRE SRL,12778890967,Facchinaggio,52.24,Movimentazione merci,3109260,2024,2247231,da 50 a 99,"Via Galileo Galilei, 5","PG «ecoerre» in milano: 0 risultati, nessuno con nome e comune coincidenti"
Milano,20.3,MULTI WORK S.R.L.,11043530960,Facchinaggio,52.24.4,Movimento merci relativo ad altri trasporti terrestri,3107702,2020,2946996,2,"Corso Magenta, 56","PG «multi work» in milano: 0 risultati, nessuno con nome e comune coincidenti"
Milano,20.3,PROMOSTAND SRL,00652440868,Allestimento,77.39.94,"Noleggio di strutture ed attrezzature per manifestazioni e spettacoli: impianti luce ed audio senza operatore, palchi, stand ed addobbi luminosi",3023795,2024,267460,da 6 a 9,"Via San Gregorio, 55","PG «promostand» in milano: 0 risultati, nessuno con nome e comune coincidenti"
Milano,20.3,GENERAL SOLUTION SERVICE SOCIETA' COOPERATIVA,03951890163,Facchinaggio,52.24.4,Movimento merci relativo ad altri trasporti terrestri,2873638,,,,"Piazza Iv Novembre, 4","PG «general solution service» in milano: 25 risultati, nessuno con nome e comune coincidenti"
Milano,20.3,JUST LOGISTIC S.R.L.,11069770961,Facchinaggio,52.24.4,Movimento merci relativo ad altri trasporti terrestri,2721019,2020,1833880,nessuno,"Via Almerico Da Schio, 8","PG «just logistic» in milano: 0 risultati, nessuno con nome e comune coincidenti"
Milano,20.3,FAMILY STUDIO S.R.L.,02745540126,Allestimento,90.02.01,Noleggio con operatore di strutture ed attrezzature per manifestazioni e spettacoli,2704958,2024,304601,da 6 a 9,"Via Feltre, 11","PG «family studio» in milano: 2 risultati, nessuno con nome e comune coincidenti"
Milano,20.3,NEW YORK S.R.L.,06467390966,Facchinaggio,52.24,Movimentazione merci,2567440,2024,2222530,da 50 a 99,"Via Settala, 8","PG «new york» in milano: 9 risultati, nessuno con nome e comune coincidenti"
Milano,20.3,ADHOC SRL,08311450962,Allestimento,77.39.94,"Noleggio di strutture ed attrezzature per manifestazioni e spettacoli: impianti luce ed audio senza operatore, palchi, stand ed addobbi luminosi",2488451,2024,365858,da 6 a 9,"Via Emilio De Marchi, 4","PG «adhoc» in milano: 2 risultati, nessuno con nome e comune coincidenti"
Milano,20.3,MULTISERVIZI 2022 S.R.L.,12493420967,Facchinaggio,52.24,Movimentazione merci,2439231,2024,1743116,da 20 a 49,"Corso Magenta, 56","PG «multiservizi 2022» in milano: 0 risultati, nessuno con nome e comune coincidenti"
Milano,20.3,SINERGY SOCIETA' COOPERATIVA,04943500282,Facchinaggio,52.24,Movimentazione merci,2426359,,,,"Via Achille Bizzoni, 2","PG «sinergy» in milano: 2 risultati, nessuno con nome e comune coincidenti"
Milano,20.3,ANTARES LOGISTICA SRL,10928710960,Facchinaggio,52.24.4,Movimento merci relativo ad altri trasporti terrestri,2366348,2024,2069167,da 50 a 99,"Via Gustavo Modena, 25","PG «antares logistica» in milano: 25 risultati, nessuno con nome e comune coincidenti"
Milano,20.3,BACKSTAGE P.A. SRL,10071360159,Allestimento,77.39.94,"Noleggio di strutture ed attrezzature per manifestazioni e spettacoli: impianti luce ed audio senza operatore, palchi, stand ed addobbi luminosi",2327770,2024,390149,da 6 a 9,"Piazza Giorgio Ambrosoli, 1","PG «backstage pa» in milano: 3 risultati, nessuno con nome e comune coincidenti"
Milano,20.3,LAVORIN S.R.L.,12105520964,Facchinaggio,52.24.4,Movimento merci relativo ad altri trasporti terrestri,2289893,2022,660160,,"Via Vittor Pisani, 10","PG «lavorin» in milano: 0 risultati, nessuno con nome e comune coincidenti"
Milano,20.3,PLAY GROUP S.R.L.,09012440963,Allestimento,77.39.94,"Noleggio di strutture ed attrezzature per manifestazioni e spettacoli: impianti luce ed audio senza operatore, palchi, stand ed addobbi luminosi",2238967,2024,561530,da 20 a 49,"Piazza G. Grandi, 24","PG «play group» in milano: 0 risultati, nessuno con nome e comune coincidenti"
Milano,20.3,FLOAR SERVICE SOCIETA' COOPERATIVA,09720950964,Facchinaggio,52.24.4,Movimento merci relativo ad altri trasporti terrestri,2096905,,,,"Via S. Mamete, 3","PG «floar service» in milano: 0 risultati, nessuno con nome e comune coincidenti"
Milano,20.3,EUROPO SOCIETA' COOPERATIVA,08820660960,Facchinaggio,52.24.4,Movimento merci relativo ad altri trasporti terrestri,2096085,,,,"Piazza Quattro Novembre, 4","PG «europo» in milano: 25 risultati, nessuno con nome e comune coincidenti"
Milano,20.3,CARENA SOCIETA' A RESPONSABILITA' LIMITATA SEMPLIFICATA,11391400964,Facchinaggio,52.24.4,Movimento merci relativo ad altri trasporti terrestri,2075784,2021,1077436,da 50 a 99,"Via Manfredo Camperio, 14","PG «carena» in milano: 3 risultati, nessuno con nome e comune coincidenti"
Milano,20.3,SOLUTIONS SRL,04337360160,Facchinaggio,52.24.4,Movimento merci relativo ad altri trasporti terrestri,2069510,2024,1889057,da 100 a 199,"Via Filippo Argelati, 10","PG «solutions» in milano: 25 risultati, nessuno con nome e comune coincidenti"
Milano,20.3,EVOKOOP SOCIETA' COOPERATIVA,08828280969,Facchinaggio,52.24,Movimentazione merci,2042499,,,,"Piazza Quattro Novembre, 4","PG «evokoop» in milano: 0 risultati, nessuno con nome e comune coincidenti"
Milano,20.3,FACE WORK SRL,10932040966,Facchinaggio,52.24.4,Movimento merci relativo ad altri trasporti terrestri,2013496,2023,2671023,1,"Via Ruggiero Settimo, 4","PG «face work» in milano: 0 risultati, nessuno con nome e comune coincidenti"
Milano,20.3,GIEMMECI S.R.L.,03747750960,Allestimento,77.39.94,"Noleggio di strutture ed attrezzature per manifestazioni e spettacoli: impianti luce ed audio senza operatore, palchi, stand ed addobbi luminosi",1988175,2024,68062,1,"Via Giosue' Carducci, 12","PG «giemmeci» in milano: 1 risultati, nessuno con nome e comune coincidenti"
Milano,20.3,EFFE SERVIZI SOCIETA' A RESPONSABILITA' LIMITATA SEMPLIFICATA,11814300965,Facchinaggio,52.24.4,Movimento merci relativo ad altri trasporti terrestri,1940287,2023,1622598,da 10 a 15,"Via Alessandro Tadino, 29","PG «effe servizi» in milano: 1 risultati, nessuno con nome e comune coincidenti"
Milano,20.3,DNP PHOTO IMAGING ITALY S.R.L.,10080620965,Allestimento,77.39.94,"Noleggio di strutture ed attrezzature per manifestazioni e spettacoli: impianti luce ed audio senza operatore, palchi, stand ed addobbi luminosi",1896257,2024,641708,da 6 a 9,"Via Pietro Giannone, 9","PG «dnp photo imaging italy» in milano: 0 risultati, nessuno con nome e comune coincidenti"
Milano,20.3,DG EXPRESS S.R.L.,07599710964,Facchinaggio,52.24.4,Movimento merci relativo ad altri trasporti terrestri,1860081,2024,1101114,da 20 a 49,"Corso Indipendenza, 5","PG «dg express» in milano: 25 risultati, nessuno con nome e comune coincidenti"
Milano,20.3,KABUKI S.R.L.,06484060964,Allestimento,77.39.94,"Noleggio di strutture ed attrezzature per manifestazioni e spettacoli: impianti luce ed audio senza operatore, palchi, stand ed addobbi luminosi",1819158,2024,119773,da 3 a 5,"Piazza Grandi Giuseppe, 3","PG «kabuki» in milano: 0 risultati, nessuno con nome e comune coincidenti"
Milano,20.3,PRIMALOG SOCIETA' COOPERATIVA,09469880968,Facchinaggio,52.24.4,Movimento merci relativo ad altri trasporti terrestri,1735901,,,,"Viale Monza, 347","PG «primalog» in milano: 0 risultati, nessuno con nome e comune coincidenti"
Milano,20.3,P.L.M. SRL PULIZIE LOGISTICA MOVIMENTAZIONE,01619860537,Facchinaggio,52.24.4,Movimento merci relativo ad altri trasporti terrestri,1667801,2020,1282747,1,"Viale Abruzzi, 13/A","PG «plm pulizie logistica movimentazione» in milano: 0 risultati, nessuno con nome e comune coincidenti"
Milano,20.3,LYBRA LOGISTICS S.R.L.S.,11248910967,Facchinaggio,52.24.4,Movimento merci relativo ad altri trasporti terrestri,1653706,2022,1341500,da 10 a 15,"Viale Lodovico Scarampo, 49","PG «lybra logistics» in milano: 0 risultati, nessuno con nome e comune coincidenti"
Milano,20.3,NUCLEO OPERATIVO SOCIETA' COOPERATIVA A R.L.,10361350969,Facchinaggio,52.24.4,Movimento merci relativo ad altri trasporti terrestri,1640817,,,,"Viale Lodovico Scarampo, 49","PG «nucleo operativo» in milano: 4 risultati, nessuno con nome e comune coincidenti"
Milano,20.3,SELMA SRL,13182390966,Facchinaggio,52.24.4,Movimento merci relativo ad altri trasporti terrestri,1637669,2024,419891,da 20 a 49,"Via Agostino De Pretis, 100","PG «selma» in milano: 1 risultati, nessuno con nome e comune coincidenti"
Milano,20.3,NEW GMA SOCIETA' COOPERATIVA,10890550964,Facchinaggio,52.24.4,Movimento merci relativo ad altri trasporti terrestri,1584416,,,,"Via Comune Antico, 65","PG «new gma» in milano: 0 risultati, nessuno con nome e comune coincidenti"
Milano,20.3,L.G. LOGISTICA SOCIETA' COOPERATIVA,03545130167,Facchinaggio,52.24,Movimentazione merci,1530123,,,,"Piazza Iv Novembre, 4","PG «lg logistica» in milano: 25 risultati, nessuno con nome e comune coincidenti"
Milano,20.3,MUSICLAB MILANO S.R.L.,09906750964,Allestimento,77.39.94,"Noleggio di strutture ed attrezzature per manifestazioni e spettacoli: impianti luce ed audio senza operatore, palchi, stand ed addobbi luminosi",1497099,2024,126810,da 3 a 5,"Piazza Santo Stefano, 6","PG «musiclab milano» in milano: 0 risultati, nessuno con nome e comune coincidenti"
Milano,20.3,FIVE SEASONS SRL,12150480965,Facchinaggio,52.24.4,Movimento merci relativo ad altri trasporti terrestri,1496815,2023,503655,da 20 a 49,"Largo Fratelli Cervi, SNC","PG «five seasons» in milano: 0 risultati, nessuno con nome e comune coincidenti"
Milano,20.3,OPERAZIONE LAVORO SOCIETA' COOPERATIVA A  R. L.,08847650960,Facchinaggio,52.24,Movimentazione merci,1477122,,,,"Viale Carlo Troya, 9","PG «operazione lavoro» in milano: 25 risultati, nessuno con nome e comune coincidenti"
Milano,20.3,DSOLUTIONS AND SERVICE SOCIETA' COOPERATIVA,11337930967,Facchinaggio,52.24.4,Movimento merci relativo ad altri trasporti terrestri,1428314,,,,"Via Monte Rosa, 21","PG «dsolutions service» in milano: 0 risultati, nessuno con nome e comune coincidenti"
Milano,20.3,MOVIMENTAZIONE INTEGRATA SOCIETA' COOPERATIVA,09292470961,Facchinaggio,52.24,Movimentazione merci,1423952,,,,"Via Calatafimi, 12","PG «movimentazione integrata» in milano: 2 risultati, nessuno con nome e comune coincidenti"
Milano,20.3,TECNODOME S.R.L.,09254940969,Allestimento,77.39.94,"Noleggio di strutture ed attrezzature per manifestazioni e spettacoli: impianti luce ed audio senza operatore, palchi, stand ed addobbi luminosi",1410141,2024,154485,da 3 a 5,"Viale Biancamaria, 22","PG «tecnodome» in milano: 1 risultati, nessuno con nome e comune coincidenti"
Milano,20.3,KATRINE S.R.L.,10931640964,Facchinaggio,52.24.4,Movimento merci relativo ad altri trasporti terrestri,1401268,2021,,2,"Via Filippo Argelati, 10","PG «katrine» in milano: 0 risultati, nessuno con nome e comune coincidenti"
Milano,20.3,AVIOR  - SOCIETA' COOPERATIVA,09727280969,Facchinaggio,52.24.4,Movimento merci relativo ad altri trasporti terrestri,1388373,,,,"Piazza Iv Novembre, 4","PG «avior» in milano: 1 risultati, nessuno con nome e comune coincidenti"
Milano,20.3,ALTA ITALIA SOCIETA' COOPERATIVA A RESPONSABILITA' LIMITATA ABBREVIATA ALTA ITALIA SOC. COOP. A R.L.,08415010969,Facchinaggio,52.24.4,Movimento merci relativo ad altri trasporti terrestri,1385351,,,,"Foro Buonaparte, 56","PG «alta italia alta italia» in milano: 25 risultati, nessuno con nome e comune coincidenti"
Milano,20.3,SABRE LOG SOCIETA' A RESPONSABILITA' LIMITATA SEMPLIFICATA,12515640964,Facchinaggio,52.24.4,Movimento merci relativo ad altri trasporti terrestri,1352706,2024,1416487,2,"Viale Monza, 1","PG «sabre log» in milano: 0 risultati, nessuno con nome e comune coincidenti"
Milano,20.3,VITULIA SRL,10644600966,Facchinaggio,52.24.4,Movimento merci relativo ad altri trasporti terrestri,1263239,2024,724943,da 20 a 49,"Via Menabrea Luigi Federico, 14","PG «vitulia» in milano: 0 risultati, nessuno con nome e comune coincidenti"
Milano,20.3,AMICOFOOD SRL,12504500963,Allestimento,77.39.94,"Noleggio di strutture ed attrezzature per manifestazioni e spettacoli: impianti luce ed audio senza operatore, palchi, stand ed addobbi luminosi",1230020,2024,310220,,"Piazza Quattro Novembre, 4","PG «amicofood» in milano: 0 risultati, nessuno con nome e comune coincidenti"
Milano,20.3,SACI PROJECT S.R.L.,05459770722,Allestimento,77.39.94,"Noleggio di strutture ed attrezzature per manifestazioni e spettacoli: impianti luce ed audio senza operatore, palchi, stand ed addobbi luminosi",1176063,2024,128545,da 3 a 5,"Piazza Quattro Novembre, 4","PG «saci project» in milano: 0 risultati, nessuno con nome e comune coincidenti"
Milano,20.3,COOPERATIVA EMMEVI A R.L.,07237660969,Facchinaggio,52.24,Movimentazione merci,1098331,,,,"Via Fantoli Gaudenzio, 28/15","PG «emmevi» in milano: 3 risultati, nessuno con nome e comune coincidenti"
Milano,20.3,SERVIZIORAPIDO SRLS,11544110965,Facchinaggio,52.24.4,Movimento merci relativo ad altri trasporti terrestri,1078128,2022,721456,da 10 a 15,"Via Hermada, 19","PG «serviziorapido» in milano: 1 risultati, nessuno con nome e comune coincidenti"
Milano,20.3,NCE MULTIMEDIA S.r.l.,05949690969,Allestimento,77.39.94,"Noleggio di strutture ed attrezzature per manifestazioni e spettacoli: impianti luce ed audio senza operatore, palchi, stand ed addobbi luminosi",1050795,2024,171893,da 3 a 5,"Via Tertulliano, 70","PG «nce multimedia» in milano: 0 risultati, nessuno con nome e comune coincidenti"
Milano,20.3,MOVILOG SOCIETA' COOPERATIVA A MUTUALITA' PREVALENTE,10305070962,Facchinaggio,52.24,Movimentazione merci,1048497,,,,"Viale Premuda, 46","PG «movilog mutualita prevalente» in milano: 0 risultati, nessuno con nome e comune coincidenti"
Milano,20.3,M2F S.R.L.,08234120965,Allestimento,77.39.94,"Noleggio di strutture ed attrezzature per manifestazioni e spettacoli: impianti luce ed audio senza operatore, palchi, stand ed addobbi luminosi",1046360,2023,,1,"Via Crocefisso, 8","PG «m2f» in milano: 0 risultati, nessuno con nome e comune coincidenti"
Milano,20.3,SERVIZI LOGISTICI MILANO S.R.L.,09591880969,Facchinaggio,52.24.4,Movimento merci relativo ad altri trasporti terrestri,1013511,2023,731213,da 10 a 15,"Corso Buenos Aires, 56","PG «servizi logistici milano» in milano: 10 risultati, nessuno con nome e comune coincidenti"
Milano,20.3,PROCOSMO S.R.L.,06989540965,Allestimento,77.39.94,"Noleggio di strutture ed attrezzature per manifestazioni e spettacoli: impianti luce ed audio senza operatore, palchi, stand ed addobbi luminosi",1002812,2024,168623,da 6 a 9,"Via Dal Verme Jacopo, 7","PG «procosmo» in milano: 0 risultati, nessuno con nome e comune coincidenti"
Milano,20.3,COMPANY GROUP SOCIETA' A RESPONSABILITA' LIMITATA SEMPLIFICATA,11070480964,Facchinaggio,52.24.4,Movimento merci relativo ad altri trasporti terrestri,996134,2024,74757,da 6 a 9,"Via Gaspare Spontini, 5","PG «company group» in milano: 2 risultati, nessuno con nome e comune coincidenti"
Milano,20.3,LAVORO E SERVIZI SOCIETA' A RESPONSABILITA' LIMITATA SEMPLIFICATA,10788770963,Facchinaggio,52.24.4,Movimento merci relativo ad altri trasporti terrestri,993392,2020,484614,nessuno,"Via Della Spiga, 20","PG «lavoro servizi» in milano: 25 risultati, nessuno con nome e comune coincidenti"
Milano,20.3,KLASH S.R.L.,10174670967,Allestimento,90.02.01,Noleggio con operatore di strutture ed attrezzature per manifestazioni e spettacoli,944842,2024,128931,da 3 a 5,"Via Savona, 65/A","PG «klash» in milano: 5 risultati, nessuno con nome e comune coincidenti"
Milano,20.3,THALIA LOGIC SERVICE SOC. COOP.,08510340964,Facchinaggio,52.24,Movimentazione merci,935393,,,,"Viale Misurata, 16","PG «thalia logic service» in milano: 1 risultati, nessuno con nome e comune coincidenti"
Milano,20.3,THE COLOR IS S.R.L.,10084410967,Facchinaggio,52.24.4,Movimento merci relativo ad altri trasporti terrestri,888062,2022,260974,1,"Piazzale Lugano, 6","PG «color is» in milano: 25 risultati, nessuno con nome e comune coincidenti"
Milano,20.3,DATA SOCIETA' COOPERATIVA,12070380964,Facchinaggio,52.24.4,Movimento merci relativo ad altri trasporti terrestri,875515,,,,"Viale Lodovico Scarampo, 49","PG «data» in milano: 25 risultati, nessuno con nome e comune coincidenti"
Milano,20.3,LA CELERE S.R.L.S.,11391970966,Facchinaggio,52.24.4,Movimento merci relativo ad altri trasporti terrestri,827964,2022,291426,,"Via Hermada, 19","PG «la celere» in milano: 25 risultati, nessuno con nome e comune coincidenti"
Milano,20.3,T.G. STAND S.R.L.,09616210960,Allestimento,77.39.94,"Noleggio di strutture ed attrezzature per manifestazioni e spettacoli: impianti luce ed audio senza operatore, palchi, stand ed addobbi luminosi",823873,2024,284265,da 10 a 15,"Via Teano, 21","PG «tg stand» in milano: 25 risultati, nessuno con nome e comune coincidenti"
Milano,20.3,OPPORTUNITA' LAVORO - SOCIETA' COOPERATIVA,10087510961,Facchinaggio,52.24,Movimentazione merci,805792,,,,"Via Cadore, 19","PG «opportunita lavoro» in milano: 11 risultati, nessuno con nome e comune coincidenti"
Milano,20.3,MASTERS ART SOCIETA' COOPERATIVA,10444700966,Facchinaggio,52.24,Movimentazione merci,799773,,,,"Via Gustavo Modena, 25","PG «masters art» in milano: 1 risultati, nessuno con nome e comune coincidenti"
Milano,20.3,L.G. COMPANY SRLS,11033720969,Facchinaggio,52.24.4,Movimento merci relativo ad altri trasporti terrestri,781223,2024,551393,da 20 a 49,"Piazzale Martesana, 10","PG «lg company» in milano: 0 risultati, nessuno con nome e comune coincidenti"
Milano,20.3,FERMETAL SOCIETA' A RESPONSABILITA' LIMITATA SEMPLIFICATA,09192330968,Facchinaggio,52.24.4,Movimento merci relativo ad altri trasporti terrestri,769747,2017,1034943,nessuno,"Via Filippo Argelati, 10","PG «fermetal» in milano: 0 risultati, nessuno con nome e comune coincidenti"
Milano,20.3,MOVINGSERVICE SOCIETA' COOPERATIVA,12627350965,Facchinaggio,52.24.4,Movimento merci relativo ad altri trasporti terrestri,760288,,,,"Via Giovanni Masera, 10","PG «movingservice» in milano: 0 risultati, nessuno con nome e comune coincidenti"
Milano,20.3,MC LOGISTICS S.R.L.,12688570964,Facchinaggio,52.24.4,Movimento merci relativo ad altri trasporti terrestri,752805,2024,355551,da 10 a 15,"Via Pietro Colletta, 65","PG «mc logistics» in milano: 0 risultati, nessuno con nome e comune coincidenti"
Milano,20.3,LOG & JOB SERVIZI ALLE IMPRESE SOCIETA' COOPERATIVA IN FORMA AB BREVIATA LOG &,09997700969,Facchinaggio,52.24.4,Movimento merci relativo ad altri trasporti terrestri,742375,,,,"Via Gustavo Modena, 25","PG «log job servizi alle imprese ab breviata log» in milano: 21 risultati, nessuno con nome e comune coincidenti"
Milano,20.3,V.T. SERVIZI S.R.L.S.,11173970960,Facchinaggio,52.24.4,Movimento merci relativo ad altri trasporti terrestri,725693,2020,,2,"Via Giacomo Antonini, 6","PG «vt servizi» in milano: 0 risultati, nessuno con nome e comune coincidenti"
Milano,20.3,ENERGI SRL,04455580235,Facchinaggio,52.24.4,Movimento merci relativo ad altri trasporti terrestri,716218,2023,588828,da 20 a 49,"Via Boccaccio Giovanni, 39","PG «energi» in milano: 25 risultati, nessuno con nome e comune coincidenti"
Milano,20.3,EASY SOCIETA' COOPERATIVA,09462170961,Facchinaggio,52.24.4,Movimento merci relativo ad altri trasporti terrestri,711189,,,,"Piazza Quattro Novembre, 4","PG «easy» in milano: 25 risultati, nessuno con nome e comune coincidenti"
Milano,20.3,BIG BANG STUDIO S.R.L.,11630490966,Allestimento,77.39.94,"Noleggio di strutture ed attrezzature per manifestazioni e spettacoli: impianti luce ed audio senza operatore, palchi, stand ed addobbi luminosi",694462,2024,,2,"Via Besana, 3","PG «big bang studio» in milano: 0 risultati, nessuno con nome e comune coincidenti"
Milano,20.3,ECOGREEN A SOCIETA' COOPERATIVA,01686060193,Facchinaggio,52.24.4,Movimento merci relativo ad altri trasporti terrestri,645846,,,,"Via Arnaldo Fusinato, 10","PG «ecogreen» in milano: 1 risultati, nessuno con nome e comune coincidenti"
Milano,20.3,WORLDGARAGE SOCIETA' A RESPONSABILITA' LIMITATA SEMPLIFICATA,13017900963,Facchinaggio,52.24.4,Movimento merci relativo ad altri trasporti terrestri,602019,2023,,,"Via Bernardo Quaranta, 45","PG «worldgarage» in milano: 0 risultati, nessuno con nome e comune coincidenti"
Milano,20.3,MAXSERVICE S.R.L. - SEMPLIFICATA,10254810962,Facchinaggio,52.24.4,Movimento merci relativo ad altri trasporti terrestri,596074,2018,107388,da 3 a 5,"Foro Buonaparte, 59","PG «maxservice» in milano: 0 risultati, nessuno con nome e comune coincidenti"
Milano,20.3,J.D. GROUP S.R.L.S.,11174000965,Facchinaggio,52.24.4,Movimento merci relativo ad altri trasporti terrestri,591059,2020,,1,"Via Giacomo Antonini, 6","PG «jd group» in milano: 1 risultati, nessuno con nome e comune coincidenti"
Milano,20.3,MIRAY SOCIETA' COOPERATIVA,12064580967,Facchinaggio,52.24.4,Movimento merci relativo ad altri trasporti terrestri,584674,,,,"Via Mecenate, 71","PG «miray» in milano: 17 risultati, nessuno con nome e comune coincidenti"
Milano,20.3,AUDIO VISUAL ADVANCED ART -S.R.L.,03984920151,Allestimento,90.02.01,Noleggio con operatore di strutture ed attrezzature per manifestazioni e spettacoli,556908,2024,165454,da 3 a 5,"Via Carlo Valvassori Peroni, 74/2","PG «audio visual advanced art» in milano: 0 risultati, nessuno con nome e comune coincidenti"
Milano,20.3,QUATTR.0 SOC. COOP.,01802360162,Facchinaggio,52.24.4,Movimento merci relativo ad altri trasporti terrestri,539316,,,,"Piazza Quattro Novembre, 4","PG «quattr 0» in milano: 0 risultati, nessuno con nome e comune coincidenti"
Milano,20.3,F.T. SERVICE S.R.L.S.,11173980969,Facchinaggio,52.24.4,Movimento merci relativo ad altri trasporti terrestri,528919,2020,,2,"Via Giacomo Antonini, 6","PG «ft service» in milano: 1 risultati, nessuno con nome e comune coincidenti"
Milano,20.3,INFINITY GROUP SRL,01803010196,Facchinaggio,52.24.4,Movimento merci relativo ad altri trasporti terrestri,508111,2024,65925,da 20 a 49,"Via Gaspare Spontini, 5","PG «infinity group» in milano: 1 risultati, nessuno con nome e comune coincidenti"
Milano,20.3,DUE S.R.L.,09831530960,Allestimento,77.39.94,"Noleggio di strutture ed attrezzature per manifestazioni e spettacoli: impianti luce ed audio senza operatore, palchi, stand ed addobbi luminosi",466988,2023,,,"Corso Di Porta Romana, 63","PG «due» in milano: 10 risultati, nessuno con nome e comune coincidenti"
Milano,20.3,NUOVA MILANO COOPERATIVA LOGISTICA,09628360969,Facchinaggio,52.24.4,Movimento merci relativo ad altri trasporti terrestri,448586,,,,"Via Correggio, 22","PG «nuova milano logistica» in milano: 25 risultati, nessuno con nome e comune coincidenti"
Milano,20.3,GAMMA SERVICE S.R.L.,02630500201,Facchinaggio,52.24.4,Movimento merci relativo ad altri trasporti terrestri,439740,2024,382750,da 20 a 49,"Foro Buonaparte, 59","PG «gamma service» in milano: 12 risultati, nessuno con nome e comune coincidenti"
Milano,20.3,C. G. EVENTS S.R.L.,11620730967,Allestimento,77.39.94,"Noleggio di strutture ed attrezzature per manifestazioni e spettacoli: impianti luce ed audio senza operatore, palchi, stand ed addobbi luminosi",435179,2024,,1,"Via Padova, 168","PG «cg events» in milano: 0 risultati, nessuno con nome e comune coincidenti"
Milano,20.3,NEW RAPID.COM SOCIETA' A RESPONSABILITA' LIMITATA,11086030969,Facchinaggio,52.24.4,Movimento merci relativo ad altri trasporti terrestri,416186,2021,339279,1,"Via G Battista Pergolesi, 11","PG «new rapid com» in milano: 0 risultati, nessuno con nome e comune coincidenti"
Milano,20.3,PLANB DESIGN SRL,08731490960,Allestimento,77.39.94,"Noleggio di strutture ed attrezzature per manifestazioni e spettacoli: impianti luce ed audio senza operatore, palchi, stand ed addobbi luminosi",388415,2023,,,"Via Gabriele Rossetti, 11","PG «planb design» in milano: 25 risultati, nessuno con nome e comune coincidenti"
Milano,20.3,DEMETRA SERVIZI GENERALI - SOCIETA' A RESPONSABILITA' LIMITATA,09556450964,Facchinaggio,52.24.4,Movimento merci relativo ad altri trasporti terrestri,386000,2017,481651,nessuno,"Viale Bianca Maria, 23","PG «demetra servizi generali» in milano: 25 risultati, nessuno con nome e comune coincidenti"
Milano,20.3,PONOS S.R.L.S. - SOCIETA' A RESPONSABILITA' LIMITATA SEMPLIFICATA,13415630964,Facchinaggio,52.24.4,Movimento merci relativo ad altri trasporti terrestri,383651,2024,334746,da 20 a 49,"Via Alessandro Astesani, 45/E","PG «ponos» in milano: 0 risultati, nessuno con nome e comune coincidenti"
Milano,20.3,LOGISTIC S.R.L.,13078020966,Facchinaggio,52.24.4,Movimento merci relativo ad altri trasporti terrestri,377862,2024,297965,da 20 a 49,"Via Argelati Filippo, 10","PG «logistic» in milano: 25 risultati, nessuno con nome e comune coincidenti"
Milano,20.3,DJ BACKLINE S.R.L.,09403820963,Allestimento,77.39.94,"Noleggio di strutture ed attrezzature per manifestazioni e spettacoli: impianti luce ed audio senza operatore, palchi, stand ed addobbi luminosi",376403,2024,60169,nessuno,"Piazza Carlo Caneva, 5","PG «dj backline» in milano: 3 risultati, nessuno con nome e comune coincidenti"
Milano,20.3,BEST WORK LOGISTIC SOCIETA' COOPERATIVA,09664570968,Facchinaggio,52.24,Movimentazione merci,330695,,,,"Largo Quinto Alpini, 12","PG «best work logistic» in milano: 0 risultati, nessuno con nome e comune coincidenti"
Milano,20.3,WORK SER. SOCIETA' COOPERATIVA,12452630960,Facchinaggio,52.24.4,Movimento merci relativo ad altri trasporti terrestri,326987,,,,"Via Alessandro Astesani, 45/E","PG «work ser» in milano: 0 risultati, nessuno con nome e comune coincidenti"
Milano,20.3,LEVEL S.R.L.,13425930966,Allestimento,77.39.94,"Noleggio di strutture ed attrezzature per manifestazioni e spettacoli: impianti luce ed audio senza operatore, palchi, stand ed addobbi luminosi",320113,2024,,1,"Via Molino Delle Armi, 3","PG «level» in milano: 5 risultati, nessuno con nome e comune coincidenti"
Milano,20.3,CTS GROUP  SOCIETA' COOPERATIVA,10574510961,Allestimento,77.39.94,"Noleggio di strutture ed attrezzature per manifestazioni e spettacoli: impianti luce ed audio senza operatore, palchi, stand ed addobbi luminosi",309796,,,,"Via G. Fantoli, 28/15","PG «cts group» in milano: 1 risultati, nessuno con nome e comune coincidenti"
Milano,20.3,CINERENT SRL,09282970152,Allestimento,77.39.94,"Noleggio di strutture ed attrezzature per manifestazioni e spettacoli: impianti luce ed audio senza operatore, palchi, stand ed addobbi luminosi",278532,2024,,,"Via Pontaccio, 0019","PG «cinerent» in milano: 0 risultati, nessuno con nome e comune coincidenti"
Milano,20.3,TE.MA SOCIETA' COOPERATIVA,09320670962,Facchinaggio,52.24.4,Movimento merci relativo ad altri trasporti terrestri,275438,,,,"Viale Lunigiana, 46","PG «te ma» in milano: 15 risultati, nessuno con nome e comune coincidenti"
Milano,20.3,ARIVO SRL,01702560085,Facchinaggio,52.24.4,Movimento merci relativo ad altri trasporti terrestri,271829,2024,102041,da 10 a 15,"Via Bernardo Quaranta, 45","PG «arivo» in milano: 3 risultati, nessuno con nome e comune coincidenti"
Segrate,20.9,AUTOTRASPORTATORI ASSOCIATI LOMBARDI SOCIETA' COOPERATIVA A RESPONSABILITA' LIMITATA,04650950159,Facchinaggio,52.24,Movimentazione merci,3785099,,,,"Via Cuneo, 26","PG «autotrasportatori associati lombardi» in segrate: 25 risultati, nessuno con nome e comune coincidenti"
Segrate,20.9,WORK SERVICE S.R.L.,13205970968,Facchinaggio,52.24.4,Movimento merci relativo ad altri trasporti terrestri,1362150,2024,1191061,da 20 a 49,"Via San Bovio, 3","PG «work service» in segrate: 1 risultati, nessuno con nome e comune coincidenti"
Segrate,20.9,ATV EVENTI SOCIETA' A RESPONSABILITA' LIMITATA SEMPLIFICATA,11625300964,Allestimento,90.02.01,Noleggio con operatore di strutture ed attrezzature per manifestazioni e spettacoli,719615,2024,155574,1,"Via Delle Regioni, 30","PG «atv eventi» in segrate: 0 risultati, nessuno con nome e comune coincidenti"
Bareggio,21.5,GRUPPO 2M S.R.L.,07677090966,Allestimento,77.39.94,"Noleggio di strutture ed attrezzature per manifestazioni e spettacoli: impianti luce ed audio senza operatore, palchi, stand ed addobbi luminosi",1721518,2024,377632,da 10 a 15,"Via Monte Bernina, 39","PG «gruppo 2m» in bareggio: 15 risultati, nessuno con nome e comune coincidenti"
Pioltello,21.6,FM POWER S.R.L.,12512390969,Facchinaggio,52.24.4,Movimento merci relativo ad altri trasporti terrestri,1316111,2022,596494,da 50 a 99,"Via Del Santuario, 31","PG «fm power» in pioltello: 25 risultati, nessuno con nome e comune coincidenti"
Pessano Con Bornago,21.7,COOPERATIVA GESTIONE PARCHEGGI LA BRIANZA A R.L.  IN BREVE   C.G .P.B. SOC. COOP. A R.L.,04024520969,Facchinaggio,52.24,Movimentazione merci,496537,,,,"Via Montello, 15","PG «gestione parcheggi la brianza cg pb» in pessano con bornago: 1 risultati, nessuno con nome e comune coincidenti"
Cassina De' Pecchi,22.3,IN E OUT S.R.L.S.,12613130967,Facchinaggio,52.24.4,Movimento merci relativo ad altri trasporti terrestri,559086,2023,483646,da 20 a 49,Via Roma,"PG «out» in cassina de' pecchi: 25 risultati, nessuno con nome e comune coincidenti"
Vittuone,22.5,NEW PUBLIDECOR SRL,10422100965,Allestimento,77.39.94,"Noleggio di strutture ed attrezzature per manifestazioni e spettacoli: impianti luce ed audio senza operatore, palchi, stand ed addobbi luminosi",349585,2024,,1,"Via Volontari Della Liberta', 30","PG «new publidecor» in vittuone: 0 risultati, nessuno con nome e comune coincidenti"
Busto Garolfo,22.6,HADIS SOCIETA' A RESPONSABILITA' LIMITATA SEMPLIFICATA,11840220963,Facchinaggio,52.24.4,Movimento merci relativo ad altri trasporti terrestri,2073909,2023,334604,da 20 a 49,"Via Manzoni, 15","PG «hadis» in busto garolfo: 0 risultati, nessuno con nome e comune coincidenti"
Ornago,22.7,MILANO SHOW RENT SOCIETA' A RESPONSABILITA' LIMITATA,03380430797,Allestimento,77.39.94,"Noleggio di strutture ed attrezzature per manifestazioni e spettacoli: impianti luce ed audio senza operatore, palchi, stand ed addobbi luminosi",1369895,2023,289508,da 6 a 9,"Via Ciucani, 2/9","PG «milano show rent» in ornago: 0 risultati, nessuno con nome e comune coincidenti"
Corsico,23.7,GABBIANO GROUP TRASLOCHI MILANO S.R.L.,13118570152,Facchinaggio,52.24,Movimentazione merci,378541,2024,158183,2,"Via Antonio Pacinotti, 46","PG «gabbiano group traslochi milano» in corsico: 1 risultati, nessuno con nome e comune coincidenti"
Gorgonzola,24.2,EMME SERVIZI S.R.L.,11989710964,Facchinaggio,52.24,Movimentazione merci,2665794,2023,2216771,da 50 a 99,"Via Milano, 37/C","PG «emme servizi» in gorgonzola: 5 risultati, nessuno con nome e comune coincidenti"
Gorgonzola,24.2,VOLCANO S.R.L.,11323440963,Facchinaggio,52.24,Movimentazione merci,1443978,2022,286028,da 10 a 15,"Via Milano, 37/C","PG «volcano» in gorgonzola: 2 risultati, nessuno con nome e comune coincidenti"
Gorgonzola,24.2,WORK LOG S.R.L.,13036890963,Facchinaggio,52.24,Movimentazione merci,1241773,2024,1264393,da 20 a 49,"Via Milano, 37/C","PG «work log» in gorgonzola: 0 risultati, nessuno con nome e comune coincidenti"
Gorgonzola,24.2,MACH SERVICES SRL,07745170964,Allestimento,77.39.94,"Noleggio di strutture ed attrezzature per manifestazioni e spettacoli: impianti luce ed audio senza operatore, palchi, stand ed addobbi luminosi",402800,2023,134258,2,"Via Lazzaretto, 66","PG «mach services» in gorgonzola: 11 risultati, nessuno con nome e comune coincidenti"
Buccinasco,24.7,NK EVENTS S.R.L.,12463860960,Allestimento,90.02.01,Noleggio con operatore di strutture ed attrezzature per manifestazioni e spettacoli,1655371,2024,360868,da 6 a 9,"Via Pacinotti, 16","PG «nk events» in buccinasco: 0 risultati, nessuno con nome e comune coincidenti"
Buccinasco,24.7,LU.MA. SRL,10035920965,Facchinaggio,52.24.4,Movimento merci relativo ad altri trasporti terrestri,569252,2023,589274,da 20 a 49,"Via Lazio, 77","PG «lu ma» in buccinasco: 21 risultati, nessuno con nome e comune coincidenti"
Gessate,25.2,SCRAP S.R.L.,13446660154,Facchinaggio,52.24.4,Movimento merci relativo ad altri trasporti terrestri,578709,2017,94199,1,"Via Bergamo, 8","PG «scrap» in gessate: 1 risultati, nessuno con nome e comune coincidenti"
Rodano,25.4,POWER S.R.L.,13188410966,Facchinaggio,52.24.4,Movimento merci relativo ad altri trasporti terrestri,4189570,2024,1983626,da 50 a 99,"Via Alessandro Manzoni, 1/B","PG «power» in rodano: 25 risultati, nessuno con nome e comune coincidenti"
Trezzano Sul Naviglio,25.6,KVNC SOCIETA' A RESPONSABILITA' LIMITATA SEMPLIFICATA,13405530968,Allestimento,77.39.94,"Noleggio di strutture ed attrezzature per manifestazioni e spettacoli: impianti luce ed audio senza operatore, palchi, stand ed addobbi luminosi",687323,2024,362014,da 20 a 49,"Via Vittore Carpaccio, 33","PG «kvnc» in trezzano sul naviglio: 0 risultati, nessuno con nome e comune coincidenti"
Assago,26.5,3DC ALLESTIMENTI S.R.L.,10310890966,Allestimento,77.39.94,"Noleggio di strutture ed attrezzature per manifestazioni e spettacoli: impianti luce ed audio senza operatore, palchi, stand ed addobbi luminosi",1018103,2018,72596,2,"Via Idiomi, 4","PG «3dc allestimenti» in assago: 0 risultati, nessuno con nome e comune coincidenti"
Assago,26.5,MODULAR STAGE SRL,09397540965,Allestimento,77.39.94,"Noleggio di strutture ed attrezzature per manifestazioni e spettacoli: impianti luce ed audio senza operatore, palchi, stand ed addobbi luminosi",480008,2017,118620,1,"Via Idiomi, 10","PG «modular stage» in assago: 1 risultati, nessuno con nome e comune coincidenti"
Magnago,27.1,TORDE GROUP SRL,03618460129,Allestimento,77.39.94,"Noleggio di strutture ed attrezzature per manifestazioni e spettacoli: impianti luce ed audio senza operatore, palchi, stand ed addobbi luminosi",614211,2023,64937,da 10 a 15,"Via Filzi, 62","PG «torde group» in magnago: 1 risultati, nessuno con nome e comune coincidenti"
Peschiera Borromeo,27.2,ALPI SRL,06458350961,Allestimento,77.39.94,"Noleggio di strutture ed attrezzature per manifestazioni e spettacoli: impianti luce ed audio senza operatore, palchi, stand ed addobbi luminosi",9992634,2024,1834055,da 20 a 49,"Via Milano, 7","PG «alpi» in peschiera borromeo: 11 risultati, nessuno con nome e comune coincidenti"
Peschiera Borromeo,27.2,SMART SERVICE SOCIETA' A RESPONSABILITA' LIMITATA SEMPLIFICATA,11951240966,Facchinaggio,52.24.4,Movimento merci relativo ad altri trasporti terrestri,1900669,2022,1575360,da 50 a 99,"Via Due Giugno, 9/A","PG «smart service» in peschiera borromeo: 9 risultati, nessuno con nome e comune coincidenti"
San Donato Milanese,27.2,PRISMA SOCIETA' COOPERATIVA,09863110962,Facchinaggio,52.24,Movimentazione merci,704819,,,,"Via G. Di Vittorio, 1","PG «prisma» in san donato milanese: 14 risultati, nessuno con nome e comune coincidenti"
San Donato Milanese,27.2,SYNERGIE GROUP SOCIETA' A RESPONSABILITA' LIMITATA SEMPLIFICATA,10122700965,Facchinaggio,52.24.4,Movimento merci relativo ad altri trasporti terrestri,428763,2018,438538,1,"Via Triulziana, 40","PG «synergie group» in san donato milanese: 0 risultati, nessuno con nome e comune coincidenti"
Peschiera Borromeo,27.2,GEC SOCIETA' COOPERATIVA,11796780960,Facchinaggio,52.24.4,Movimento merci relativo ad altri trasporti terrestri,288845,,,,"Via Einaudi, 4","PG «gec» in peschiera borromeo: 4 risultati, nessuno con nome e comune coincidenti"
Melzo,27.5,CONSORZIO TECHNOBUILD & SERVICE,03885530166,Facchinaggio,52.24.4,Movimento merci relativo ad altri trasporti terrestri,6222780,2024,174805,da 3 a 5,"Via Bruno Buozzi, 22","PG «consorzio technobuild service» in melzo: 1 risultati, nessuno con nome e comune coincidenti"
Melzo,27.5,AMB MULTISERVIZI S.R.L.,11083740966,Facchinaggio,52.24.4,Movimento merci relativo ad altri trasporti terrestri,1602059,2024,1455500,da 20 a 49,"Via Cristoforo Colombo, 8/B","PG «amb multiservizi» in melzo: 7 risultati, nessuno con nome e comune coincidenti"
Melzo,27.5,QUICK LOGISTICS SOCIETA' COOPERATIVA,10993010965,Facchinaggio,52.24.4,Movimento merci relativo ad altri trasporti terrestri,1142526,,,,"Via Cristoforo Colombo, 6","PG «quick logistics» in melzo: 9 risultati, nessuno con nome e comune coincidenti"
Melzo,27.5,AMB SERVIZI SOCIETA' A RESPONSABILITA' LIMITATA SEMPLIFICATA,11083960960,Facchinaggio,52.24.4,Movimento merci relativo ad altri trasporti terrestri,1071909,2021,1239808,nessuno,"Via Cristoforo Colombo, 8/B","PG «amb servizi» in melzo: 1 risultati, nessuno con nome e comune coincidenti"
Gaggiano,27.5,MOY STAND SOCIETA' A RESPONSABILITA' LIMITATA SEMPLIFICATA,09915580964,Allestimento,77.39.94,"Noleggio di strutture ed attrezzature per manifestazioni e spettacoli: impianti luce ed audio senza operatore, palchi, stand ed addobbi luminosi",547073,2022,61749,da 6 a 9,"Via Europa, 22","PG «moy stand» in gaggiano: 25 risultati, nessuno con nome e comune coincidenti"
Melzo,27.5,DUECCI SERVICE SOC. COOP. A R.L.,11266130969,Facchinaggio,52.24.4,Movimento merci relativo ad altri trasporti terrestri,271223,,,,"Via C. Colombo, 8/B","PG «duecci service» in melzo: 0 risultati, nessuno con nome e comune coincidenti"
Liscate,27.8,CREMA SERVIZI S.R.L.S.,12633940965,Facchinaggio,52.24.4,Movimento merci relativo ad altri trasporti terrestri,556927,2023,481634,da 20 a 49,"Via Bruno Buozzi, 23","PG «crema servizi» in liscate: 25 risultati, nessuno con nome e comune coincidenti"
Magenta,28.0,RENTAL TIME S.R.L.,07687060967,Allestimento,77.39.94,"Noleggio di strutture ed attrezzature per manifestazioni e spettacoli: impianti luce ed audio senza operatore, palchi, stand ed addobbi luminosi",910949,2024,193683,da 6 a 9,"Via Fratelli Bandiera, 26","PG «rental time» in magenta: 1 risultati, nessuno con nome e comune coincidenti"
Cardano Al Campo,28.4,LEADER SOUND SOCIETA' A RESPONSABILITA' LIMITATA SEMPLIFICATA,03862910126,Allestimento,77.39.94,"Noleggio di strutture ed attrezzature per manifestazioni e spettacoli: impianti luce ed audio senza operatore, palchi, stand ed addobbi luminosi",715994,2024,,,"Via Palmiro Togliatti, 3","PG «leader sound» in cardano al campo: 1 risultati, nessuno con nome e comune coincidenti"
Settala,28.8,PRO 10 SOCIETA' A RESPONSABILITA' LIMITATA SEMPLIFICATA,13308620965,Facchinaggio,52.24.4,Movimento merci relativo ad altri trasporti terrestri,410730,2024,634240,da 20 a 49,"Via Trieste, 6","PG «pro 10» in settala: 3 risultati, nessuno con nome e comune coincidenti"
Calolziocorte,28.9,AUTOTRASPORTI POZZONI ENRICO & C. S.R.L.,02586760130,Facchinaggio,52.24,Movimentazione merci,901533,2024,368433,da 10 a 15,"Via Galli, 10","PG «autotrasporti pozzoni enrico ec» in calolziocorte: 25 risultati, nessuno con nome e comune coincidenti"
Rozzano,29.0,ARCA STRUTTURE SRL,09898790150,Allestimento,90.02.01,Noleggio con operatore di strutture ed attrezzature per manifestazioni e spettacoli,3672266,2024,678587,da 10 a 15,"Via Po, 35","PG «arca strutture» in rozzano: 2 risultati, nessuno con nome e comune coincidenti"
Rozzano,29.0,UGR  COOPERATIVA SOCIALE A R.L.,06736970960,Facchinaggio,52.24,Movimentazione merci,879689,,,,"Via Monviso, 68","PG «ugr» in rozzano: 4 risultati, nessuno con nome e comune coincidenti"
San Giuliano Milanese,29.9,ACM SOCIETA' COOPERATIVA,08656650960,Facchinaggio,52.24.4,Movimento merci relativo ad altri trasporti terrestri,409418,,,,"Via Del Tecchione, 24/B","PG «acm» in san giuliano milanese: 14 risultati, nessuno con nome e comune coincidenti"
