Account IG,Nome attivita,Comune (prov),Segmento,Follower,Gancio (1-6),Esito verifica sito,DM inviato (data),Esito DM,Messaggio,Scheda,Lista,Prodotto,Letto (data),Chat
@__cercasi_cavie_umane__,Piercing Chieri - Torino,Chieri (TO),Piercing,1468,1,"cercato «piercing Chieri» nella ricerca di Instagram → link in bio: nessuno [verifica-sito] motori «""Piercing Chieri - Torino"" Chieri»: 14 risultati · domini: secondavetrina.it (vivo: Seconda Vetrina); piercingetattoo.it (DNS morto); hackerone.com (vivo: HackerOne | Leader in Continuous Threat Exposure Management | Security for AI); status.brave.app (vivo: Brave status) · directory: instagram.com, paginebianche.it, paginegialle.it, empresite.it",,,"Ciao, sono Patrick di DenkiCode.

Ho guardato il tuo profilo. Freehand body piercing fra Chieri e Torino: il freehand è quello che separa chi sa leggere un corpo da chi mette un buco dove capita.

Ho notato però una cosa: chi cerca un piercer a Chieri non ti trova, perché un sito non c'è.

Le foto mi hanno fatto venire voglia di provarci. Abbiamo preso ispirazione dal tuo profilo e abbiamo realizzato una bozza del tuo sito.

Preferisci che te la mandi qui su Instagram, o prima ne parliamo due minuti al telefono? In ogni caso zero costi e zero impegno: se ti piace, poi ne parliamo. Se vuoi vedere cosa facciamo: denkicode.com","Samuele Marcone, freehand body piercing, Chieri e Torino. 1.468 follower, 51 post. Nessun sito.",2026-09-21-instagram-siti-piemonte-tatuaggi,siti,,
@albanetattoostudio,albane tattoo studio,Torino (TO),Studio di tatuaggi,1682,3,"cercato «tattoo Torino» nella ricerca di Instagram → link in bio: nessuno [verifica-sito] motori «""albane tattoo studio"" Torino»: 6 risultati · domini: annuaire-beaute.elle.fr (non risponde); tatouer.net (vivo: Tatouer.net : les adresses pour vous faire tatouer); hackerone.com (vivo: HackerOne | Leader in Continuous Threat Exposure Management | Security for AI); status.brave.app (vivo: Brave status) · directory: instagram.com, facebook.com",,,"Ciao, sono Patrick di DenkiCode.

Ho guardato Albane. Seicentotrenta post e nemmeno una riga di bio: il lavoro parla da solo, il che è raro e va bene.

Ho notato però una cosa: se non c'è la bio e non c'è un sito, chi vi scopre non sa nemmeno dove siete.

Le foto mi hanno fatto venire voglia di provarci. Abbiamo preso ispirazione dal tuo profilo e abbiamo realizzato una bozza del tuo sito.

Preferisci che te la mandi qui su Instagram, o prima ne parliamo due minuti al telefono? In ogni caso zero costi e zero impegno: se ti piace, poi ne parliamo. Se vuoi vedere cosa facciamo: denkicode.com","Albane Tattoo Studio, Torino. 1.682 follower, 637 post, bio vuota. Nessun sito e nessun contatto nel profilo.",2026-09-21-instagram-siti-piemonte-tatuaggi,siti,,
@arona.ink,👑 ARONA INK TATTOO STUDIO,Arona (NO),Studio di tatuaggi,4500,1,"cercato «tattoo Arona» nella ricerca di Instagram → link in bio: nessuno [verifica-sito] motori «""👑 ARONA INK TATTOO STUDIO"" Arona»: 3 risultati · domini: hackerone.com (vivo: HackerOne | Leader in Continuous Threat Exposure Management | Security for AI); status.brave.app (vivo: Brave status) · directory: instagram.com",,,"Ciao, sono Patrick di DenkiCode.

Ho guardato Arona Ink. Il piercing solo il venerdì pomeriggio, il resto della settimana tatuaggi: un'agenda così ordinata, in uno studio, non è comune.

Ho notato però una cosa: quegli orari li sa solo chi vi segue già. Un sito dove trovarli non c'è.

Le foto mi hanno fatto venire voglia di provarci. Abbiamo preso ispirazione dal tuo profilo e abbiamo realizzato una bozza del tuo sito.

Preferisci che te la mandi qui su Instagram, o prima ne parliamo due minuti al telefono? In ogni caso zero costi e zero impegno: se ti piace, poi ne parliamo. Se vuoi vedere cosa facciamo: denkicode.com","Arona Ink Tattoo Studio, Arona (NO). 4.500 follower, 180 post. Orari martedì-sabato 15-19 e piercing il venerdì, scritti in bio. Nessun sito.",2026-09-21-instagram-siti-piemonte-tatuaggi,siti,,
@balam_tattoo_collegno,Balam Tattoo,Collegno (TO),Studio di tatuaggi,1563,5,"cercato «tattoo Collegno» nella ricerca di Instagram → link in bio: https://www.facebook.com/BalamTattooInk/ | https://www.facebook.com/BalamTattooInk/ | https://www.treatwell.it/salone/balam-tattoo-collegno/ [verifica-sito] motori «""Balam Tattoo"" Collegno»: 20 risultati · domini: torinocronaca.it (non risponde); collegno.infoisinfo.it (vivo: Cerca Negozi Collegno - Cerca Imprese Collegno - Elenco Aziende Collegno - Infoi); hackerone.com (vivo: HackerOne | Leader in Continuous Threat Exposure Management | Security for AI); status.brave.app (vivo: Brave status) · directory: treatwell.it, firmania.it, instagram.com, facebook.com",,,"Ciao, sono Patrick di DenkiCode.

Ho guardato Balam. Quattrocento post da viale Gramsci, con due numeri in bio, fisso e cellulare: uno studio che si fa trovare in due modi è uno studio serio.

Ho notato però una cosa: chi vi cerca su Google trova la scheda Treatwell, che è di Treatwell e non vostra. Un posto vostro, dove il lavoro si vede come lo volete voi, non c'è.

Le foto mi hanno fatto venire voglia di provarci. Abbiamo preso ispirazione dal tuo profilo e abbiamo realizzato una bozza del tuo sito.

Preferisci che te la mandi qui su Instagram, o prima ne parliamo due minuti al telefono? In ogni caso zero costi e zero impegno: se ti piace, poi ne parliamo. Se vuoi vedere cosa facciamo: denkicode.com","Balam Tattoo, viale Gramsci 30, Collegno (TO). 1.563 follower, 396 post. Tattoo shop e body piercing, in bio fisso, cellulare, Facebook e la pagina Treatwell treatwell.it/salone/balam-tattoo-collegno. Nessun dominio proprio: su Google esce la scheda Treatwell.",2026-09-21-instagram-siti-piemonte-tatuaggi,siti,,
@beautyandthebeast_tattoo,Beauty and the Beast Tattoo • Piercing • Nails Mondovì,Mondovi (CN),Studio di tatuaggi,658,3,"cercato «tattoo Mondovi» nella ricerca di Instagram → link in bio: https://linktr.ee/beautyandthebeast_tattoo | https://linktr.ee/beautyandthebeast_tattoo [verifica-sito] motori «""Beauty and the Beast Tattoo • Piercing • Nails Mondovì"" Mondovi»: 1 risultati · domini: nessuno risponde · directory: instagram.com",,,"Ciao, sono Patrick di DenkiCode.

Ho guardato Beauty and the Beast. Realismo, fine line, blackwork e traditional, più sopracciglia, labbra e micropigmentazione: a Mondovì tenete insieme due mondi.

Ho notato però una cosa: chi cerca il semipermanente non usa le parole di chi cerca un tatuaggio. Un sito dove parlare a tutti e due non c'è.

Le foto mi hanno fatto venire voglia di provarci. Abbiamo preso ispirazione dal tuo profilo e abbiamo realizzato una bozza del tuo sito.

Preferisci che te la mandi qui su Instagram, o prima ne parliamo due minuti al telefono? In ogni caso zero costi e zero impegno: se ti piace, poi ne parliamo. Se vuoi vedere cosa facciamo: denkicode.com","Beauty and the Beast Tattoo, Piercing e Nails, Mondovì (CN). 658 follower, 106 post. Tatuaggi in quattro stili più sopracciglia, labbra e micropigmentazione. Il link in bio è un Linktree, nessun sito.",2026-09-21-instagram-siti-piemonte-tatuaggi,siti,,
@brightandbold_tortona,Bright&Bold | Tatuaggi e Piercing,Tortona (AL),Studio di tatuaggi,1031,1,"cercato «tatuaggi Tortona» nella ricerca di Instagram → link in bio: nessuno [verifica-sito] motori «""Bright&Bold | Tatuaggi e Piercing"" Tortona»: 1 risultati · domini: nessuno risponde · directory: instagram.com",,,"Ciao, sono Patrick di DenkiCode.

Ho guardato Bright&Bold. Il tatuatore e il piercer taggati accanto al numero e a via Puricelli: chi vi scrive sa già con chi parlerà.

Ho notato però una cosa: per scrivervi bisogna prima trovarvi, e fuori da Instagram un sito non c'è.

Le foto mi hanno fatto venire voglia di provarci. Abbiamo preso ispirazione dal tuo profilo e abbiamo realizzato una bozza del tuo sito.

Preferisci che te la mandi qui su Instagram, o prima ne parliamo due minuti al telefono? In ogni caso zero costi e zero impegno: se ti piace, poi ne parliamo. Se vuoi vedere cosa facciamo: denkicode.com","Bright&Bold Tatuaggi e Piercing, via Puricelli 6, Tortona (AL). 1.031 follower, 131 post. Telefono, tatuatore e piercer taggati in bio. Nessun sito.",2026-09-21-instagram-siti-piemonte-tatuaggi,siti,,
@coopertattoo23,Cooper Tattoo Orbassano,Orbassano (TO),Studio di tatuaggi,2640,1,"cercato «tattoo Orbassano» nella ricerca di Instagram → link in bio: nessuno [verifica-sito] motori «""Cooper Tattoo Orbassano"" Orbassano»: 1 risultati · domini: nessuno risponde · directory: instagram.com",,,"Ciao, sono Patrick di DenkiCode.

Ho guardato Cooper. Specializzato in polinesiani, e nei lavori si vede: quelli o hanno il disegno giusto addosso alla persona o non funzionano.

Ho notato però una cosa: chi cerca un polinesiano in zona Orbassano trova i portali, non te. Un sito non c'è.

Le foto mi hanno fatto venire voglia di provarci. Abbiamo preso ispirazione dal tuo profilo e abbiamo realizzato una bozza del tuo sito.

Preferisci che te la mandi qui su Instagram, o prima ne parliamo due minuti al telefono? In ogni caso zero costi e zero impegno: se ti piace, poi ne parliamo. Se vuoi vedere cosa facciamo: denkicode.com","Cooper Tattoo, via V. Monti 11/A, Orbassano (TO). 2.640 follower, 485 post. Resident specializzato in tatuaggi polinesiani, telefono in bio. Nessun sito.",2026-09-21-instagram-siti-piemonte-tatuaggi,siti,,
@danibutk_tattoo,"Daniela | Tatuaggi fineline, micro e ornamentali | Torino",Collegno (TO),Studio di tatuaggi,8970,1,"cercato «tatuaggi Collegno» nella ricerca di Instagram → link in bio: nessuno [verifica-sito] motori «""Daniela | Tatuaggi fineline, micro e ornamentali | Torino"" Collegno»: 1 risultati · domini: nessuno risponde · directory: instagram.com",,,"Ciao, sono Patrick di DenkiCode.

Ho guardato il tuo profilo. «Racconto storie con tatuaggi delicati e dalla linea fine»: è una frase che nove tatuatori su dieci non saprebbero scrivere, e i lavori la confermano.

Ho notato però una cosa: quella frase e quei lavori stanno solo qui. Un sito tuo non c'è.

Le foto mi hanno fatto venire voglia di provarci. Abbiamo preso ispirazione dal tuo profilo e abbiamo realizzato una bozza del tuo sito.

Preferisci che te la mandi qui su Instagram, o prima ne parliamo due minuti al telefono? In ogni caso zero costi e zero impegno: se ti piace, poi ne parliamo. Se vuoi vedere cosa facciamo: denkicode.com","Daniela, tatuaggi fineline, micro e ornamentali, Collegno e Torino. 8.970 follower, 225 post. Solo su appuntamento, dal lunedì al sabato. Nessun sito.",2026-09-21-instagram-siti-piemonte-tatuaggi,siti,,
@deeplinetattoocuneo,ＤＥＥＰＬＩＮＥ ＴＡＴＴＯＯ,Cuneo (CN),Studio di tatuaggi,1752,1,"cercato «tattoo Cuneo» nella ricerca di Instagram → link in bio: nessuno [verifica-sito] motori «""ＤＥＥＰＬＩＮＥ ＴＡＴＴＯＯ"" Cuneo»: 0 risultati · domini: nessuno risponde",,,"Ciao, sono Patrick di DenkiCode.

Ho guardato Deepline. Centocinquanta post di lavori e un nome che dice già lo stile: a Cuneo siete fra i pochi con una direzione così netta.

Ho notato però una cosa: chi cerca un tatuatore a Cuneo parte da Google, e lì un sito vostro non c'è.

Le foto mi hanno fatto venire voglia di provarci. Abbiamo preso ispirazione dal tuo profilo e abbiamo realizzato una bozza del tuo sito.

Preferisci che te la mandi qui su Instagram, o prima ne parliamo due minuti al telefono? In ogni caso zero costi e zero impegno: se ti piace, poi ne parliamo. Se vuoi vedere cosa facciamo: denkicode.com","Deepline Tattoo, Cuneo. 1.752 follower, 147 post. Contatti via DM, WhatsApp e mail in bio. Nessun sito.",2026-09-21-instagram-siti-piemonte-tatuaggi,siti,,
@desyderi_sulla_pelle,DesyderiSullaPelle | tattoo e piercing studio a Mondovì,Collegno (TO),Studio di tatuaggi,1220,3,"cercato «tattoo Collegno» nella ricerca di Instagram → link in bio:  | https://wa.me/+393803638117 | [verifica-sito] motori «""DesyderiSullaPelle | tattoo e piercing studio a Mondovì"" Collegno»: 0 risultati · domini: nessuno risponde",,,"Ciao, sono Patrick di DenkiCode.

Ho guardato Desyderi. Tatuatore e piercer che firmano insieme lo studio, con i due profili in bio: si capisce chi fa cosa senza chiederlo.

Ho notato però una cosa: quella chiarezza finisce fuori da Instagram, dove un sito non c'è.

Le foto mi hanno fatto venire voglia di provarci. Abbiamo preso ispirazione dal tuo profilo e abbiamo realizzato una bozza del tuo sito.

Preferisci che te la mandi qui su Instagram, o prima ne parliamo due minuti al telefono? In ogni caso zero costi e zero impegno: se ti piace, poi ne parliamo. Se vuoi vedere cosa facciamo: denkicode.com","DesyderiSullaPelle, tattoo e piercing studio, zona Collegno (TO). 1.220 follower, 90 post. Firmato da @trudencristiantattoo e @desy_piercer, orari mar-sab 11.30-19. Il link in bio porta a WhatsApp, nessun sito.",2026-09-21-instagram-siti-piemonte-tatuaggi,siti,,
@distorttattoohouse,Tatuaggi & piercing | Tortona,Tortona (AL),Studio di tatuaggi,1028,3,"cercato «tattoo Tortona» nella ricerca di Instagram → link in bio: https://maps.app.goo.gl/A6xW9zT6f6cwq5au7 | https://maps.app.goo.gl/A6xW9zT6f6cwq5au7 [verifica-sito] motori «""Tatuaggi & piercing | Tortona"" Tortona»: 1 risultati · domini: nessuno risponde · directory: instagram.com",,,"Ciao, sono Patrick di DenkiCode.

Ho guardato Distort. Handpoke, ornamentale, tribale e fineline in uno studio solo a Tortona: quattro strade diverse tenute insieme bene.

Ho notato però una cosa: quattro stili spiegati in una riga di bio, e nessun sito dove separarli.

Le foto mi hanno fatto venire voglia di provarci. Abbiamo preso ispirazione dal tuo profilo e abbiamo realizzato una bozza del tuo sito.

Preferisci che te la mandi qui su Instagram, o prima ne parliamo due minuti al telefono? In ogni caso zero costi e zero impegno: se ti piace, poi ne parliamo. Se vuoi vedere cosa facciamo: denkicode.com","Distort Tattoo House, Tortona (AL). 1.028 follower, 123 post. Handpoke, ornamentale, tribale e fineline, orari martedì-sabato in bio. Il link in bio è una mappa, nessun sito.",2026-09-21-instagram-siti-piemonte-tatuaggi,siti,,
@electric_tattoostudioasti,Electric Tattoo Studio,Asti (AT),PMU e trucco permanente,1526,6,"cercato «tattoo Asti» nella ricerca di Instagram → link in bio: nessuno [verifica-sito] motori «""Electric Tattoo Studio"" Asti»: 5 risultati · domini: electrictattoostudio.it (vivo, indovinato: WordPress – WordPress Description) · directory: instagram.com, italiarecensioni.com, firmania.it, facebook.com || riletto a mano il 21/9: electrictattoostudio.it non e' di un'altra attivita', e' il loro dominio e risponde con la pagina di default di WordPress. Non e' «nessun sito», e' un sito mai riempito: gancio 6, e il messaggio lo nomina.",,,"Ciao, sono Patrick di DenkiCode.

Ho guardato Electric. Via Carducci ad Asti, con i due tatuatori taggati in bio: si vede chi lavora nello studio prima ancora di entrarci.

Ho notato però una cosa: electrictattoostudio.it esiste ed è vostro, ma si apre su una pagina WordPress vuota, con scritto «WordPress Description». Chi ci arriva pensa che abbiate chiuso.

Le foto mi hanno fatto venire voglia di provarci. Abbiamo preso ispirazione dal tuo profilo e abbiamo realizzato una bozza del tuo sito.

Preferisci che te la mandi qui su Instagram, o prima ne parliamo due minuti al telefono? In ogni caso zero costi e zero impegno: se ti piace, poi ne parliamo. Se vuoi vedere cosa facciamo: denkicode.com","Electric Tattoo Studio, via Carducci 19, Asti. 1.526 follower, 92 post. Due tatuatori taggati in bio e telefono. Il dominio electrictattoostudio.it risponde, ma mostra la pagina di default di WordPress: installato e mai riempito.",2026-09-21-instagram-siti-piemonte-tatuaggi,siti,,
@end8_studio,Tattoo Novi Ligure,Novi Ligure (AL),Studio di tatuaggi,1239,1,"cercato «tattoo Novi Ligure» nella ricerca di Instagram → link in bio: nessuno [verifica-sito] motori «""Tattoo Novi Ligure"" Novi Ligure»: 1 risultati · domini: nessuno risponde · directory: instagram.com",,,"Ciao, sono Patrick di DenkiCode.

Ho guardato End8. Tre persone con tre stili diversi, black and grey, popart e fineline, più il piercer: a Novi Ligure è uno studio completo.

Ho notato però una cosa: tre stili e quattro persone stanno tutti in una riga di bio, e un sito dove raccontarli non c'è.

Le foto mi hanno fatto venire voglia di provarci. Abbiamo preso ispirazione dal tuo profilo e abbiamo realizzato una bozza del tuo sito.

Preferisci che te la mandi qui su Instagram, o prima ne parliamo due minuti al telefono? In ogni caso zero costi e zero impegno: se ti piace, poi ne parliamo. Se vuoi vedere cosa facciamo: denkicode.com","End8 Studio, Novi Ligure (AL). 1.239 follower, 452 post. Tre artisti con stili diversi più un piercer, tutti taggati in bio. Nessun sito.",2026-09-21-instagram-siti-piemonte-tatuaggi,siti,,
@herbert.dotwork.torino,Herbert Tatuatore Dotwork Torino - 🇮🇹,Torino (TO),Studio di tatuaggi,295,3,"cercato «tatuatore Torino» nella ricerca di Instagram → link in bio: https://linktr.ee/herbertayres.tattoo | https://linktr.ee/herbertayres.tattoo [verifica-sito] motori «""Herbert Tatuatore Dotwork Torino - 🇮🇹"" Torino»: 1 risultati · domini: nessuno risponde · directory: instagram.com",,,"Ciao, sono Patrick di DenkiCode.

Ho guardato il tuo profilo. Il dotwork è una tecnica che o si ha la pazienza di farla o si vede subito, e nei tuoi cento post la pazienza c'è.

Ho notato però una cosa: chi cerca dotwork a Torino non arriva a te, perché un sito tuo non c'è.

Le foto mi hanno fatto venire voglia di provarci. Abbiamo preso ispirazione dal tuo profilo e abbiamo realizzato una bozza del tuo sito.

Preferisci che te la mandi qui su Instagram, o prima ne parliamo due minuti al telefono? In ogni caso zero costi e zero impegno: se ti piace, poi ne parliamo. Se vuoi vedere cosa facciamo: denkicode.com","Herbert, tatuatore dotwork, Torino. 295 follower, 102 post. Il link in bio è un Linktree, nessun sito.",2026-09-21-instagram-siti-piemonte-tatuaggi,siti,,
@inkbeautystudio.alba,Alba Abdushi,Collegno (TO),PMU e trucco permanente,1647,3,"cercato «ink Collegno» nella ricerca di Instagram → link in bio: nessuno [verifica-sito] motori «""Alba Abdushi"" Collegno»: 6 risultati · domini: pmuskills.com (vivo: Conferenza e concorso sul trucco permanente 2025); pitturiamo.com (non risponde); artinmovimento.com (vivo: artinmovimento.com); it.pinterest.com (vivo: Pinterest - Italia) · directory: instagram.com, facebook.com",,,"Ciao, sono Patrick di DenkiCode.

Ho guardato il tuo profilo. Trucco permanente con consulenza gratuita, in presenza o online: offrire il primo passo senza chiedere niente è il modo giusto di far decidere una persona.

Ho notato però una cosa: quella consulenza la può chiedere solo chi passa da Instagram. Un sito dove prenotarla non c'è.

Le foto mi hanno fatto venire voglia di provarci. Abbiamo preso ispirazione dal tuo profilo e abbiamo realizzato una bozza del tuo sito.

Preferisci che te la mandi qui su Instagram, o prima ne parliamo due minuti al telefono? In ogni caso zero costi e zero impegno: se ti piace, poi ne parliamo. Se vuoi vedere cosa facciamo: denkicode.com","Alba Abdushi, trucco permanente, Collegno (TO). 1.647 follower, 281 post. Consulenze online e dal vivo gratuite, collegata a @art_line.academy. Nessun sito.",2026-09-21-instagram-siti-piemonte-tatuaggi,siti,,
@inksidecuneo,Inksideprivatetattoohouse,Cuneo (CN),Studio di tatuaggi,685,3,"cercato «ink Cuneo» nella ricerca di Instagram → link in bio: http://wa.me/393896336871 | http://wa.me/393896336871 [verifica-sito] motori «""Inksideprivatetattoohouse"" Cuneo»: 2 risultati · domini: nessuno risponde · directory: instagram.com, facebook.com",,,"Ciao, sono Patrick di DenkiCode.

Ho guardato Inkside. «Qui ti senti a casa» e private tattoo house, in piazza Galimberti: avete scelto di lavorare in un modo preciso e lo dite subito.

Ho notato però una cosa: uno studio privato ha ancora più bisogno di un posto dove spiegarsi, e un sito non c'è.

Le foto mi hanno fatto venire voglia di provarci. Abbiamo preso ispirazione dal tuo profilo e abbiamo realizzato una bozza del tuo sito.

Preferisci che te la mandi qui su Instagram, o prima ne parliamo due minuti al telefono? In ogni caso zero costi e zero impegno: se ti piace, poi ne parliamo. Se vuoi vedere cosa facciamo: denkicode.com","Inkside Private Tattoo House, piazza Galimberti 9, Cuneo. 685 follower, 18 post. Due founder taggati in bio, contatti via WhatsApp. Nessun sito.",2026-09-21-instagram-siti-piemonte-tatuaggi,siti,,
@jeytattoo.vmondovi,Jey Tattoo - Studio Tatuaggi Villanova Mondovì,Villanova Mondovi (CN),Studio di tatuaggi,2477,3,"cercato «tattoo Villanova Mondovi» nella ricerca di Instagram → link in bio: https://www.facebook.com/JeyTattoo/ | https://www.facebook.com/JeyTattoo/ [verifica-sito] motori «""Jey Tattoo - Studio Tatuaggi Villanova Mondovì"" Villanova Mondovi»: 1 risultati · domini: nessuno risponde · directory: instagram.com",,,"Ciao, sono Patrick di DenkiCode.

Ho guardato Jey Tattoo. Dal 2011 e solo su appuntamento, fra fine line, cartoon e personalizzati: quattordici anni nello stesso posto contano.

Ho notato però una cosa: chi cerca un tatuatore a Villanova non ti trova, perché un sito non c'è.

Le foto mi hanno fatto venire voglia di provarci. Abbiamo preso ispirazione dal tuo profilo e abbiamo realizzato una bozza del tuo sito.

Preferisci che te la mandi qui su Instagram, o prima ne parliamo due minuti al telefono? In ogni caso zero costi e zero impegno: se ti piace, poi ne parliamo. Se vuoi vedere cosa facciamo: denkicode.com","Jey Tattoo, studio tatuaggi a Villanova Mondovì (CN). 2.477 follower, 118 post. Attivo dal 2011, solo su appuntamento, contatti WhatsApp. Il link in bio porta a Facebook, nessun sito.",2026-09-21-instagram-siti-piemonte-tatuaggi,siti,,
@korpus_domini_alba,ᴋᴏʀᴘᴜs ᴅᴏᴍɪɴɪ | ᴛᴀᴛᴛᴏᴏ ᴇ ᴘɪᴇʀᴄɪɴɢ,Alba (CN),Studio di tatuaggi,15010,1,"cercato «piercing Alba» nella ricerca di Instagram → link in bio: nessuno [verifica-sito] motori «""ᴋᴏʀᴘᴜs ᴅᴏᴍɪɴɪ | ᴛᴀᴛᴛᴏᴏ ᴇ ᴘɪᴇʀᴄɪɴɢ"" Alba»: 2 risultati · domini: socialblade.com (non risponde) · directory: instagram.com",,,"Ciao, sono Patrick di DenkiCode.

Ho guardato Korpus Domini. Duemila post e tre resident più la piercer: ad Alba avete costruito qualcosa che assomiglia più a una casa che a un negozio.

Ho notato però una cosa: duemila lavori pubblicati e nessun posto dove guardarli in ordine. Un sito non c'è.

Le foto mi hanno fatto venire voglia di provarci. Abbiamo preso ispirazione dal tuo profilo e abbiamo realizzato una bozza del tuo sito.

Preferisci che te la mandi qui su Instagram, o prima ne parliamo due minuti al telefono? In ogni caso zero costi e zero impegno: se ti piace, poi ne parliamo. Se vuoi vedere cosa facciamo: denkicode.com","Korpus Domini, tattoo e piercing, Alba (CN). 15.010 follower, 2.069 post. Tre resident e una piercer taggati in bio, telefono. Nessun sito.",2026-09-21-instagram-siti-piemonte-tatuaggi,siti,,
@korpus_domini_saluzzo,ᴋᴏʀᴘᴜs ᴅᴏᴍɪɴɪ | ᴛᴀᴛᴛᴏᴏ ᴇ ᴘɪᴇʀᴄɪɴɢ,Saluzzo (CN),Studio di tatuaggi,1748,1,"cercato «tattoo Saluzzo» nella ricerca di Instagram → link in bio: nessuno [verifica-sito] motori «""ᴋᴏʀᴘᴜs ᴅᴏᴍɪɴɪ | ᴛᴀᴛᴛᴏᴏ ᴇ ᴘɪᴇʀᴄɪɴɢ"" Saluzzo»: 2 risultati · domini: socialblade.com (non risponde) · directory: instagram.com",,,"Ciao, sono Patrick di DenkiCode.

Ho guardato Korpus Domini Saluzzo. Resident e apprendiste tutte nominate in bio: tenere un'apprendista e dirlo è una scelta che si vede poco in giro.

Ho notato però una cosa: quella squadra sta in una riga di Instagram, e un sito dove presentarla non c'è.

Le foto mi hanno fatto venire voglia di provarci. Abbiamo preso ispirazione dal tuo profilo e abbiamo realizzato una bozza del tuo sito.

Preferisci che te la mandi qui su Instagram, o prima ne parliamo due minuti al telefono? In ogni caso zero costi e zero impegno: se ti piace, poi ne parliamo. Se vuoi vedere cosa facciamo: denkicode.com","Korpus Domini Saluzzo (CN). 1.748 follower, 1.028 post. Fondato da @vicohamc, con resident e apprendiste taggati in bio. Nessun sito.",2026-09-21-instagram-siti-piemonte-tatuaggi,siti,,
@lally.piercer,Laura || Piercing Torino ||,Torino (TO),Piercing,2763,1,"cercato «piercing Torino» nella ricerca di Instagram → link in bio: nessuno [verifica-sito] motori «""Laura || Piercing Torino ||"" Torino»: 1 risultati · domini: nessuno risponde · directory: instagram.com",,,"Ciao, sono Patrick di DenkiCode.

Ho guardato il tuo profilo. Microdermal e surface sono i piercing che più gente sbaglia, e tu li metti in bio insieme alla sterilizzazione: chi cerca sicurezza lo capisce subito.

Ho notato però una cosa: quella rassicurazione arriva solo a chi ti segue già. Un sito dove spiegarla non c'è.

Le foto mi hanno fatto venire voglia di provarci. Abbiamo preso ispirazione dal tuo profilo e abbiamo realizzato una bozza del tuo sito.

Preferisci che te la mandi qui su Instagram, o prima ne parliamo due minuti al telefono? In ogni caso zero costi e zero impegno: se ti piace, poi ne parliamo. Se vuoi vedere cosa facciamo: denkicode.com","Laura, piercing a Torino. 2.763 follower, 128 post. Piercing, microdermal e surface, con la sterilizzazione dichiarata in bio. Nessun sito.",2026-09-21-instagram-siti-piemonte-tatuaggi,siti,,
@louisstudio_,LOUIS STUDIO TORINO | tattoo & piercing walk-in,Torino (TO),Studio di tatuaggi,15014,3,"cercato «tattoo Torino» nella ricerca di Instagram → link in bio:  | https://wa.me/message/V3WXXMD464QCB1 [verifica-sito] motori «""LOUIS STUDIO TORINO | tattoo & piercing walk-in"" Torino»: 1 risultati · domini: nessuno risponde · directory: instagram.com",,,"Ciao, sono Patrick di DenkiCode.

Ho guardato Louis Studio. Senza appuntamento tutti i giorni, in via Cernaia: è una promessa forte, e quindicimila persone dicono che la mantenete.

Ho notato però una cosa: chi passa in centro e vi cerca al volo su Google non trova un sito.

Le foto mi hanno fatto venire voglia di provarci. Abbiamo preso ispirazione dal tuo profilo e abbiamo realizzato una bozza del tuo sito.

Preferisci che te la mandi qui su Instagram, o prima ne parliamo due minuti al telefono? In ogni caso zero costi e zero impegno: se ti piace, poi ne parliamo. Se vuoi vedere cosa facciamo: denkicode.com","Louis Studio, via Cernaia 31, Torino. 15.014 follower, 591 post. Tattoo e piercing senza appuntamento, lun-sab 11-19. Il link in bio porta a WhatsApp, nessun sito.",2026-09-21-instagram-siti-piemonte-tatuaggi,siti,,
@lumos.tattoostudio,LUMOS TATTOO STUDIO ☉ Tatuaggi Torino,Torino (TO),Studio di tatuaggi,1898,1,"cercato «tatuaggi Torino» nella ricerca di Instagram → link in bio: nessuno [verifica-sito] motori «""LUMOS TATTOO STUDIO ☉ Tatuaggi Torino"" Torino»: 1 risultati · domini: nessuno risponde · directory: instagram.com",,,"Ciao, sono Patrick di DenkiCode.

Ho guardato Lumos. Tattoo e piercing nello stesso posto in via Lessolo, con gli orari scritti chiari dal martedì al sabato: si capisce al volo come lavorate.

Ho notato però una cosa: fuori da Instagram non c'è un sito dove guardare i lavori e prenotare.

Le foto mi hanno fatto venire voglia di provarci. Abbiamo preso ispirazione dal tuo profilo e abbiamo realizzato una bozza del tuo sito.

Preferisci che te la mandi qui su Instagram, o prima ne parliamo due minuti al telefono? In ogni caso zero costi e zero impegno: se ti piace, poi ne parliamo. Se vuoi vedere cosa facciamo: denkicode.com","Lumos Tattoo Studio, via Lessolo 32/A, Torino. 1.898 follower, 193 post. Tattoo e piercing, orari martedì-sabato 11-18.30 in bio. Nessun sito.",2026-09-21-instagram-siti-piemonte-tatuaggi,siti,,
@p0t_tattoo,Tattoo Anime & Cartoon – Collegno,Collegno (TO),Studio di tatuaggi,307,3,"cercato «tattoo Collegno» nella ricerca di Instagram → link in bio:  | https://wa.me/13349162157?countryCode=1&countryName=US&phoneNumber=3349162157 | https://wa.me/393349162157?countryCode=39&countryName=IT&phoneNumber=3349162157 [verifica-sito] motori «""Tattoo Anime & Cartoon – Collegno"" Collegno»: 1 risultati · domini: nessuno risponde · directory: instagram.com",,,"Ciao, sono Patrick di DenkiCode.

Ho guardato il tuo profilo. Anime e cartoon in via Adua a Collegno: è una nicchia precisa, e chi la cerca la cerca proprio con quelle parole.

Ho notato però una cosa: quelle parole su Google non portano a te, perché un sito non c'è.

Le foto mi hanno fatto venire voglia di provarci. Abbiamo preso ispirazione dal tuo profilo e abbiamo realizzato una bozza del tuo sito.

Preferisci che te la mandi qui su Instagram, o prima ne parliamo due minuti al telefono? In ogni caso zero costi e zero impegno: se ti piace, poi ne parliamo. Se vuoi vedere cosa facciamo: denkicode.com","Tattoo Anime & Cartoon, via Adua 9b, Collegno (TO). 307 follower, 34 post. Contatti via WhatsApp, nessun sito.",2026-09-21-instagram-siti-piemonte-tatuaggi,siti,,
@piercing_by_unique,PIERCING DOMODOSSOLA,Domodossola (VB),Piercing,334,3,"cercato «piercing Domodossola» nella ricerca di Instagram → link in bio:  | https://wa.me/393454669550?countryName=IT&countryCode=39&phoneNumber=3454669550 [verifica-sito] motori «""PIERCING DOMODOSSOLA"" Domodossola»: 1 risultati · domini: nessuno risponde · directory: instagram.com",,,"Ciao, sono Patrick di DenkiCode.

Ho guardato il tuo profilo. Titanio implant grade scritto in bio, e l'ear styling personalizzato: due cose che a Domodossola dicono a chi cerca che sei sul serio.

Ho notato però una cosa: chi cerca un piercer in Ossola non arriva qui, perché un sito non c'è.

Le foto mi hanno fatto venire voglia di provarci. Abbiamo preso ispirazione dal tuo profilo e abbiamo realizzato una bozza del tuo sito.

Preferisci che te la mandi qui su Instagram, o prima ne parliamo due minuti al telefono? In ogni caso zero costi e zero impegno: se ti piace, poi ne parliamo. Se vuoi vedere cosa facciamo: denkicode.com","Piercing Domodossola (VB). 334 follower, 63 post. Piercing in titanio implant grade ed ear styling personalizzato, contatti via WhatsApp. Nessun sito.",2026-09-21-instagram-siti-piemonte-tatuaggi,siti,,
@rickyfamilytattoo,Realistico & Chicano Art| Tattoo Studio | Orbassano (TO)📍,Orbassano (TO),Studio di tatuaggi,9046,3,"cercato «tattoo Orbassano» nella ricerca di Instagram → link in bio:  | https://wa.me/message/UMAXZPKJ72RCL1 [verifica-sito] motori «""Realistico & Chicano Art| Tattoo Studio | Orbassano (TO)📍"" Orbassano»: 0 risultati · domini: nessuno risponde",,,"Ciao, sono Patrick di DenkiCode.

Ho guardato Ricky Family. Vent'anni di lavoro e più di cinquecento clienti contati: mettere un numero in bio invece di un aggettivo è una scelta che rispetto.

Ho notato però una cosa: quel numero, fuori da Instagram, non lo legge nessuno. Un sito non c'è.

Le foto mi hanno fatto venire voglia di provarci. Abbiamo preso ispirazione dal tuo profilo e abbiamo realizzato una bozza del tuo sito.

Preferisci che te la mandi qui su Instagram, o prima ne parliamo due minuti al telefono? In ogni caso zero costi e zero impegno: se ti piace, poi ne parliamo. Se vuoi vedere cosa facciamo: denkicode.com","Ricky Family Tattoo, realistico e chicano art, Orbassano (TO). 9.046 follower, 1.571 post. In bio vent'anni di attività e oltre 500 clienti, contatti via WhatsApp. Nessun sito.",2026-09-21-instagram-siti-piemonte-tatuaggi,siti,,
@sacrosanto_tattootorino,Sacrosanto Tattoo Studio Torino,Torino (TO),Studio di tatuaggi,3241,1,"cercato «tattoo Torino» nella ricerca di Instagram → link in bio: nessuno [verifica-sito] motori «""Sacrosanto Tattoo Studio Torino"" Torino»: 1 risultati · domini: nessuno risponde · directory: instagram.com",,,"Ciao, sono Patrick di DenkiCode.

Ho guardato Sacrosanto. In via Galliari, con due artisti taggati e la mail scritta per esteso: vi fate trovare come si faceva una volta, e funziona ancora.

Ho notato però una cosa: oggi chi cerca parte da Google, e lì un sito vostro non c'è.

Le foto mi hanno fatto venire voglia di provarci. Abbiamo preso ispirazione dal tuo profilo e abbiamo realizzato una bozza del tuo sito.

Preferisci che te la mandi qui su Instagram, o prima ne parliamo due minuti al telefono? In ogni caso zero costi e zero impegno: se ti piace, poi ne parliamo. Se vuoi vedere cosa facciamo: denkicode.com","Sacrosanto Tattoo Studio, via Galliari 15bis, Torino. 3.241 follower, 188 post. Telefono e mail per esteso in bio, due artisti taggati. Nessun sito.",2026-09-21-instagram-siti-piemonte-tatuaggi,siti,,
@soul_ink_torino_city,SOUL INK TORINO CITY,Torino (TO),Studio di tatuaggi,1149,1,"cercato «ink Torino» nella ricerca di Instagram → link in bio: nessuno [verifica-sito] motori «""SOUL INK TORINO CITY"" Torino»: 2 risultati · domini: nessuno risponde · directory: instagram.com, informazione-aziende.it",,,"Ciao, sono Patrick di DenkiCode.

Ho guardato Soul Ink. Settecento post da via Cremona, con due tatuatori che si dividono lo studio: la mole di lavoro pubblicata parla da sola.

Ho notato però una cosa: settecento lavori stanno in una griglia che si scorre e si dimentica. Un sito dove tenerli in ordine non c'è.

Le foto mi hanno fatto venire voglia di provarci. Abbiamo preso ispirazione dal tuo profilo e abbiamo realizzato una bozza del tuo sito.

Preferisci che te la mandi qui su Instagram, o prima ne parliamo due minuti al telefono? In ogni caso zero costi e zero impegno: se ti piace, poi ne parliamo. Se vuoi vedere cosa facciamo: denkicode.com","Soul Ink Torino City, via Cremona 27/b, Torino. 1.149 follower, 738 post. Due tatuatori taggati in bio. Nessun sito.",2026-09-21-instagram-siti-piemonte-tatuaggi,siti,,
@sovranus_tattoo_studio,sᴏᴠʀᴀɴᴜs ᴛᴀᴛᴛᴏᴏ sᴛᴜᴅɪᴏ | ᴛᴏʀɪɴᴏ,Torino (TO),Studio di tatuaggi,3999,1,"cercato «tattoo Torino» nella ricerca di Instagram → link in bio: nessuno [verifica-sito] motori «""sᴏᴠʀᴀɴᴜs ᴛᴀᴛᴛᴏᴏ sᴛᴜᴅɪᴏ | ᴛᴏʀɪɴᴏ"" Torino»: 1 risultati · domini: nessuno risponde · directory: instagram.com",,,"Ciao, sono Patrick di DenkiCode.

Ho guardato Sovranus. Dieci artisti e i guest dall'Italia e dall'Europa, walk-in sempre aperto: gestire una squadra così a Torino non è da tutti.

Ho notato però una cosa: dieci artisti stanno in una riga di bio, e non c'è un sito dove ognuno abbia la sua pagina.

Le foto mi hanno fatto venire voglia di provarci. Abbiamo preso ispirazione dal tuo profilo e abbiamo realizzato una bozza del tuo sito.

Preferisci che te la mandi qui su Instagram, o prima ne parliamo due minuti al telefono? In ogni caso zero costi e zero impegno: se ti piace, poi ne parliamo. Se vuoi vedere cosa facciamo: denkicode.com","Sovranus Tattoo Studio, Torino. 3.999 follower, 51 post. Owner @giuseppe_coppola_tattoo, oltre dieci artisti, guest italiani ed europei, walk-in sempre disponibile. Nessun sito.",2026-09-21-instagram-siti-piemonte-tatuaggi,siti,,
@svit.tattoo,Tattoo Cuneo Italy🇮🇹,Cuneo (CN),Studio di tatuaggi,3546,1,"cercato «tattoo Cuneo» nella ricerca di Instagram → link in bio: nessuno [verifica-sito] motori «""Tattoo Cuneo Italy🇮🇹"" Cuneo»: 1 risultati · domini: nessuno risponde · directory: instagram.com",,,"Ciao, sono Patrick di DenkiCode.

Ho guardato il tuo profilo. Floreale e microrealismo, nove anni di mestiere, millecento post: a Cuneo sei una delle poche con uno stile così riconoscibile.

Ho notato però una cosa: uno stile riconoscibile vale ancora di più se ha una pagina sua, e un sito tuo non c'è.

Le foto mi hanno fatto venire voglia di provarci. Abbiamo preso ispirazione dal tuo profilo e abbiamo realizzato una bozza del tuo sito.

Preferisci che te la mandi qui su Instagram, o prima ne parliamo due minuti al telefono? In ogni caso zero costi e zero impegno: se ti piace, poi ne parliamo. Se vuoi vedere cosa facciamo: denkicode.com","Svit Tattoo, Cuneo. 3.546 follower, 1.144 post. Floreale e microrealismo, nove anni di attività dichiarati in bio. Nessun sito.",2026-09-21-instagram-siti-piemonte-tatuaggi,siti,,
@tattooalba,Tattoo and Body Piercing,Alba (CN),Studio di tatuaggi,3191,3,"cercato «tattoo Alba» nella ricerca di Instagram → link in bio: https://m.facebook.com/tattooalba/ | https://m.facebook.com/tattooalba/ [verifica-sito] motori «""Tattoo and Body Piercing"" Alba»: 5 risultati · domini: yellowpages.com (non risponde); dailymail.com (vivo: UK Home | Daily Mail Online) · directory: instagram.com, facebook.com, yelp.com",,,"Ciao, sono Patrick di DenkiCode.

Ho guardato il profilo. Due indirizzi in bio, via P. Belli e Corso Langhe, con un numero WhatsApp per ciascuno. Ad Alba due sedi vogliono dire che il lavoro c'è.

Ho notato però una cosa: due sedi spiegate in due righe di bio, e nessun sito dove dirlo per bene.

Le foto mi hanno fatto venire voglia di provarci. Abbiamo preso ispirazione dal tuo profilo e abbiamo realizzato una bozza del tuo sito.

Preferisci che te la mandi qui su Instagram, o prima ne parliamo due minuti al telefono? In ogni caso zero costi e zero impegno: se ti piace, poi ne parliamo. Se vuoi vedere cosa facciamo: denkicode.com","Tattoo and Body Piercing, Alba (CN). 3.191 follower, 1.021 post. Due indirizzi con due numeri WhatsApp in bio, via P. Belli e Corso Langhe. Il link in bio porta a Facebook, nessun sito.",2026-09-21-instagram-siti-piemonte-tatuaggi,siti,,
@wildarttattoo,Wild Art Tattoo Studio dal 2008 a Torino in Corso Casale 104,Torino (TO),Studio di tatuaggi,9736,3,"cercato «tattoo Torino» nella ricerca di Instagram → link in bio:  | https://wa.me/message/2YOOQMVYAQAKC1 [verifica-sito] motori «""Wild Art Tattoo Studio dal 2008 a Torino in Corso Casale 104"" Torino»: 2 risultati · domini: nessuno risponde · directory: instagram.com, facebook.com",,,"Ciao, sono Patrick di DenkiCode.

Ho guardato Wild Art. Dal 2008 in corso Casale, con la consulenza gratuita offerta in bio: diciassette anni e una porta aperta a chi ha solo un'idea in testa.

Ho notato però una cosa: quella consulenza la trova solo chi è già qui dentro. Un sito non c'è.

Le foto mi hanno fatto venire voglia di provarci. Abbiamo preso ispirazione dal tuo profilo e abbiamo realizzato una bozza del tuo sito.

Preferisci che te la mandi qui su Instagram, o prima ne parliamo due minuti al telefono? In ogni caso zero costi e zero impegno: se ti piace, poi ne parliamo. Se vuoi vedere cosa facciamo: denkicode.com","Wild Art Tattoo Studio, corso Casale 104, Torino, dal 2008. 9.736 follower, 1.438 post. Telefono e WhatsApp in bio, consulenza gratuita. Nessun sito.",2026-09-21-instagram-siti-piemonte-tatuaggi,siti,,
@ylemilitellopmu,Ylenia Militello 📍Natutal Ink Tattoo | PMU studio | Torino,Torino (TO),PMU e trucco permanente,1634,3,"cercato «ink Torino» nella ricerca di Instagram → link in bio:  | https://wa.me/13498864459?countryName=US&countryCode=1&phoneNumber=3498864459 [verifica-sito] motori «""Ylenia Militello 📍Natutal Ink Tattoo | PMU studio | Torino"" Torino»: 2 risultati · domini: nessuno risponde · directory: instagram.com, facebook.com",,,"Ciao, sono Patrick di DenkiCode.

Ho guardato il tuo profilo. Milletrecento post fra trucco permanente, fine line e laminazione ciglia: pubblichi più di quasi tutti, e la certificazione Art-line non è una riga a caso.

Ho notato però una cosa: chi cerca il trucco permanente a Torino parte da Google, e lì un sito tuo non c'è.

Le foto mi hanno fatto venire voglia di provarci. Abbiamo preso ispirazione dal tuo profilo e abbiamo realizzato una bozza del tuo sito.

Preferisci che te la mandi qui su Instagram, o prima ne parliamo due minuti al telefono? In ogni caso zero costi e zero impegno: se ti piace, poi ne parliamo. Se vuoi vedere cosa facciamo: denkicode.com","Ylenia Militello, PMU studio presso Natural Ink Tattoo, Torino. 1.634 follower, 1.353 post. PMU certificata Art-line, fine line, minimal tattoo, laminazione ciglia e makeup. Contatti via WhatsApp, nessun sito.",2026-09-21-instagram-siti-piemonte-tatuaggi,siti,,
@hapaxtattoo,HAPAX Tattoo - Torino,Torino (TO),Studio di tatuaggi,2041,3,"cercato «tatuaggi Torino» fra i profili vicini su Instagram → link in bio: nessuno [verifica-sito] motori «""HAPAX Tattoo - Torino"" Torino»: 2 risultati · domini: nessuno risponde · directory: instagram.com, facebook.com",,,"Ciao, sono Patrick di DenkiCode.

Ho guardato Hapax. Quattrocento post e una riga in bio che dice «uno spazio dove sentirti a casa»: per uno studio di tatuaggi è una promessa precisa, e si vede nelle foto.

Ho notato però una cosa: fuori da Instagram non c'è un sito dove guardare i lavori e trovare via Santa Giulia.

Le foto mi hanno fatto venire voglia di provarci. Abbiamo preso ispirazione dal tuo profilo e abbiamo realizzato una bozza del tuo sito.

Preferisci che te la mandi qui su Instagram, o prima ne parliamo due minuti al telefono? In ogni caso zero costi e zero impegno: se ti piace, poi ne parliamo. Se vuoi vedere cosa facciamo: denkicode.com","HAPAX Tattoo, via Santa Giulia 32/G, Torino. 2.041 follower, 418 post. In bio la riga «uno spazio dove sentirti a casa» e il numero di telefono, nessun sito.",2026-09-21-instagram-siti-piemonte-tatuaggi,siti,,
@_alaska_ink_,𝘼𝙡𝙖𝙨𝙠𝙖 𝙄𝙣𝙠 • Tattoo artist • Turin,Grugliasco (TO),Studio di tatuaggi,2814,1,"cercato «tatuaggi Grugliasco» fra i profili vicini su Instagram → link in bio: nessuno [verifica-sito] motori «""𝘼𝙡𝙖𝙨𝙠𝙖 𝙄𝙣𝙠 • Tattoo artist • Turin"" Grugliasco»: 0 risultati · domini: nessuno risponde",,,"Ciao, sono Patrick di DenkiCode.

Ho guardato Alaska Ink. Fineline, ornamental e realismo tenuti insieme da una persona sola, e in bio la prossima convention già segnata: lavori come chi si mette alla prova.

Ho notato però una cosa: le convention portano gente che poi ti cerca, e fuori da Instagram non trova un sito.

Le foto mi hanno fatto venire voglia di provarci. Abbiamo preso ispirazione dal tuo profilo e abbiamo realizzato una bozza del tuo sito.

Preferisci che te la mandi qui su Instagram, o prima ne parliamo due minuti al telefono? In ogni caso zero costi e zero impegno: se ti piace, poi ne parliamo. Se vuoi vedere cosa facciamo: denkicode.com","Alaska Ink, resident a Torino e Grugliasco presso @dependenciatattoo. 2.814 follower, 163 post. Fineline, ornamental e realismo, con la prossima convention annunciata in bio. Nessun sito.",2026-09-21-instagram-siti-piemonte-tatuaggi,siti,,
@bully.tattoo.plug,BULLY TATTOO PLUG 🅱️🥷🏻💋🔪,Torino (TO),Studio di tatuaggi,7546,1,"cercato «tatuaggi Torino» fra i profili vicini su Instagram → link in bio: nessuno [verifica-sito] motori «""BULLY TATTOO PLUG 🅱️🥷🏻💋🔪"" Torino»: 1 risultati · domini: nessuno risponde · directory: instagram.com",,,"Ciao, sono Patrick di DenkiCode.

Ho guardato Bully. Settemila persone e il prefisso 011 messo al posto dell'indirizzo: è una scelta di tono precisa, e i lavori la seguono.

Ho notato però una cosa: chi ti scopre fuori da qui non ha un posto dove guardare tutto insieme. Un sito non c'è.

Le foto mi hanno fatto venire voglia di provarci. Abbiamo preso ispirazione dal tuo profilo e abbiamo realizzato una bozza del tuo sito.

Preferisci che te la mandi qui su Instagram, o prima ne parliamo due minuti al telefono? In ogni caso zero costi e zero impegno: se ti piace, poi ne parliamo. Se vuoi vedere cosa facciamo: denkicode.com","Bully Tattoo Plug, Torino. 7.546 follower, 258 post. In bio solo il prefisso 011 e il profilo fineline collegato, contatti in DM. Nessun sito.",2026-09-21-instagram-siti-piemonte-tatuaggi,siti,,
@domusink_tattoo_piercing,Domus ink Tattoo&Piercing by PiercerFerrante,Collegno (TO),Studio di tatuaggi,8715,1,"cercato «tatuaggi Collegno» fra i profili vicini su Instagram → link in bio: nessuno [verifica-sito] motori «""Domus ink Tattoo&Piercing by PiercerFerrante"" Collegno»: 1 risultati · domini: nessuno risponde · directory: instagram.com",,,"Ciao, sono Patrick di DenkiCode.

Ho guardato Domus Ink. Tattoo e piercing tenuti insieme in corso Francia, con il piercer che ci mette faccia e nome. Non è la norma, e nelle foto si capisce perché funziona.

Ho notato però una cosa: chi cerca uno studio di piercing a Collegno non vi trova, perché un sito non c'è.

Le foto mi hanno fatto venire voglia di provarci. Abbiamo preso ispirazione dal tuo profilo e abbiamo realizzato una bozza del tuo sito.

Preferisci che te la mandi qui su Instagram, o prima ne parliamo due minuti al telefono? In ogni caso zero costi e zero impegno: se ti piace, poi ne parliamo. Se vuoi vedere cosa facciamo: denkicode.com","Domus Ink Tattoo & Piercing by Piercer Ferrante, corso Francia 186, Collegno (TO). 8.715 follower, 364 post. Studio con tatuaggi e piercing, telefono in bio, nessun sito.",2026-09-21-instagram-siti-piemonte-tatuaggi,siti,,
@diegoskull_tattooist,diegoskull tattoo Torino,Torino (TO),Studio di tatuaggi,1481,3,"cercato «tatuaggi Torino» fra i profili vicini su Instagram → link in bio: nessuno [verifica-sito] motori «""diegoskull tattoo Torino"" Torino»: 2 risultati · domini: nessuno risponde · directory: instagram.com, facebook.com",,,"Ciao, sono Patrick di DenkiCode.

Ho guardato il tuo profilo. Traditional e black traditional, resident in piazza Galimberti: quattrocento post che restano dentro uno stile solo, e si vede la mano.

Ho notato però una cosa: uno stile riconoscibile merita una pagina sua, e un sito tuo non c'è.

Le foto mi hanno fatto venire voglia di provarci. Abbiamo preso ispirazione dal tuo profilo e abbiamo realizzato una bozza del tuo sito.

Preferisci che te la mandi qui su Instagram, o prima ne parliamo due minuti al telefono? In ogni caso zero costi e zero impegno: se ti piace, poi ne parliamo. Se vuoi vedere cosa facciamo: denkicode.com","Diegoskull Tattoo, resident in piazza Galimberti 10, Torino. 1.481 follower, 466 post. Traditional e black traditional. Nessun sito.",2026-09-21-instagram-siti-piemonte-tatuaggi,siti,,
@linos_tattoo,Samuele Lino,Venaria Reale (TO),Studio di tatuaggi,2307,3,"cercato «tatuaggi Venaria Reale» fra i profili vicini su Instagram → link in bio: nessuno [verifica-sito] motori «""Samuele Lino"" Venaria Reale»: 2 risultati · domini: nessuno risponde · directory: instagram.com, facebook.com",,,"Ciao, sono Patrick di DenkiCode.

Ho guardato il tuo profilo. Primo posto come miglior realistico alla Torino Tattoo Convention 2025, e si vede dai lavori che pubblichi: il realismo o è fatto bene o non è.

Ho notato però una cosa: quel premio, fuori da Instagram, non lo trova nessuno. Un sito non c'è.

Le foto mi hanno fatto venire voglia di provarci. Abbiamo preso ispirazione dal tuo profilo e abbiamo realizzato una bozza del tuo sito.

Preferisci che te la mandi qui su Instagram, o prima ne parliamo due minuti al telefono? In ogni caso zero costi e zero impegno: se ti piace, poi ne parliamo. Se vuoi vedere cosa facciamo: denkicode.com","Samuele Lino, via Andrea Mensa 30/a, Venaria Reale (TO). 2.307 follower, 94 post. In bio: primo posto Best Realistic alla Torino Tattoo Convention 2025, orario negozio 10-19 e telefono. Nessun sito.",2026-09-21-instagram-siti-piemonte-tatuaggi,siti,,
@disagiomentale_tattoo,𝘿𝙄𝙎𝘼𝙂𝙄𝙊 | 𝙏𝙖𝙩𝙩𝙤𝙤 𝙏𝙤𝙧𝙞𝙣𝙤 | 𝙈𝙖𝙧𝙩𝙞𝙣𝙖 𝙍𝙤𝙘𝙘𝙖,Torino (TO),Studio di tatuaggi,14051,3,"cercato «tatuaggi Torino» fra i profili vicini su Instagram → link in bio:  | https://wa.me/393519370529?countryName=IT&countryCode=39&phoneNumber=3519370529 [verifica-sito] motori «""𝘿𝙄𝙎𝘼𝙂𝙄𝙊 | 𝙏𝙖𝙩𝙩𝙤𝙤 𝙏𝙤𝙧𝙞𝙣𝙤 | 𝙈𝙖𝙧𝙩𝙞𝙣𝙖 𝙍𝙤𝙘𝙘𝙖"" Torino»: 0 risultati · domini: nessuno risponde",,,"Ciao, sono Patrick di DenkiCode.

Ho guardato il tuo profilo. Quattordicimila persone ti seguono per i ritratti di animali e il micro realismo, e in bio c'è già scritto full booked: vuol dire che il lavoro c'è.

Ho notato però una cosa: chi ti scopre fuori da Instagram non trova niente, perché un sito non c'è.

Le foto mi hanno fatto venire voglia di provarci. Abbiamo preso ispirazione dal tuo profilo e abbiamo realizzato una bozza del tuo sito.

Preferisci che te la mandi qui su Instagram, o prima ne parliamo due minuti al telefono? In ogni caso zero costi e zero impegno: se ti piace, poi ne parliamo. Se vuoi vedere cosa facciamo: denkicode.com","Disagio Tattoo di Martina Rocca, via Monginevro 101/a, Torino. 14.051 follower, 124 post. Realismo e micro realismo, ritratti di animali. In bio: novembre full booked. Nessun sito.",2026-09-21-instagram-siti-piemonte-tatuaggi,siti,,
@endlesslove_tattoostudio,Bosky ⚡Miusy,Torino (TO),Studio di tatuaggi,2675,1,"cercato «tatuaggi Torino» fra i profili vicini su Instagram → link in bio: nessuno [verifica-sito] motori «""Bosky ⚡Miusy"" Torino»: 0 risultati · domini: nessuno risponde",,,"Ciao, sono Patrick di DenkiCode.

Ho guardato Endless Love. Novecento post da viale XXIV Maggio, con tre tatuatori e un piercer che si dividono lo studio: in una foto sola si capisce che siete una squadra.

Ho notato però una cosa: tutto quel lavoro sta solo qui dentro. Un sito dove vederlo in ordine non c'è.

Le foto mi hanno fatto venire voglia di provarci. Abbiamo preso ispirazione dal tuo profilo e abbiamo realizzato una bozza del tuo sito.

Preferisci che te la mandi qui su Instagram, o prima ne parliamo due minuti al telefono? In ogni caso zero costi e zero impegno: se ti piace, poi ne parliamo. Se vuoi vedere cosa facciamo: denkicode.com","Endless Love Tattoo Studio, viale XXIV Maggio 13/b, Collegno (TO). 2.675 follower, 907 post. Tre tatuatori resident e un piercer, telefono in bio. Nessun sito.",2026-09-21-instagram-siti-piemonte-tatuaggi,siti,,
@maxinktattoo80,massimo iennaro,Torino (TO),Studio di tatuaggi,1007,1,"cercato «tatuaggi Torino» fra i profili vicini su Instagram → link in bio: nessuno [verifica-sito] motori «""massimo iennaro"" Torino»: 0 risultati · domini: nessuno risponde",,,"Ciao, sono Patrick di DenkiCode.

Ho guardato il tuo profilo. Millequattrocento post da corso Rosselli: è uno degli archivi di lavori più grossi che ho aperto oggi, e si vede la mano che cambia negli anni.

Ho notato però una cosa: tutto quell'archivio vive solo su Instagram, dove i lavori vecchi non li trova più nessuno. Un sito non c'è.

Le foto mi hanno fatto venire voglia di provarci. Abbiamo preso ispirazione dal tuo profilo e abbiamo realizzato una bozza del tuo sito.

Preferisci che te la mandi qui su Instagram, o prima ne parliamo due minuti al telefono? In ogni caso zero costi e zero impegno: se ti piace, poi ne parliamo. Se vuoi vedere cosa facciamo: denkicode.com","Massimo Iennaro, Maxink Tattoo, corso Carlo e Nello Rosselli 105/1E, Torino. 1.007 follower, 1.449 post: archivio di lavori molto ampio. Nessun sito.",2026-09-21-instagram-siti-piemonte-tatuaggi,siti,,
@roxtattoo.team,Rσx Tαƚƚσσ Team,Torino (TO),PMU e trucco permanente,1386,3,"cercato «tatuaggi Torino» fra i profili vicini su Instagram → link in bio: https://m.facebook.com/groups/114900165455 | https://m.facebook.com/groups/114900165455 | https://www.tiktok.com/@il.faust.tattoo?_r=1&_t=ZN-99qHBqJsuGM [verifica-sito] motori «""Rσx Tαƚƚσσ Team"" Torino»: 1 risultati · domini: nessuno risponde · directory: instagram.com",,,"Ciao, sono Patrick di DenkiCode.

Ho guardato Rox Tattoo. Dal 1994, e adesso tatuaggi, piercing e trucco permanente con tre persone diverse: trent'anni nello stesso mestiere sono una cosa che si racconta bene.

Ho notato però una cosa: la storia e i tre servizi stanno solo in una riga di bio. Un sito dove spiegarli non c'è.

Le foto mi hanno fatto venire voglia di provarci. Abbiamo preso ispirazione dal tuo profilo e abbiamo realizzato una bozza del tuo sito.

Preferisci che te la mandi qui su Instagram, o prima ne parliamo due minuti al telefono? In ogni caso zero costi e zero impegno: se ti piace, poi ne parliamo. Se vuoi vedere cosa facciamo: denkicode.com","Rox Tattoo Team, Torino. 1.386 follower, 372 post. Tattoo artist dal 1994, più piercing e trucco permanente con tre professioniste taggate in bio. Orari mar-sab 15-18.30. Nessun sito.",2026-09-21-instagram-siti-piemonte-tatuaggi,siti,,
@eden_lab_tattoo_collective,Eden Lab Tatto Studio,Chieri (TO),Studio di tatuaggi,2657,1,"cercato «tatuaggi Chieri» fra i profili vicini su Instagram → link in bio: nessuno [verifica-sito] motori «""Eden Lab Tatto Studio"" Chieri»: 0 risultati · domini: nessuno risponde",,,"Ciao, sono Patrick di DenkiCode.

Ho guardato Eden Lab. «Laboratorio d'arte» invece di studio di tatuaggi, con tre professionisti diversi in via Montale: è una scelta di nome che dice già come lavorate.

Ho notato però una cosa: quel modo di stare insieme non si capisce da fuori. Un sito che lo spieghi non c'è.

Le foto mi hanno fatto venire voglia di provarci. Abbiamo preso ispirazione dal tuo profilo e abbiamo realizzato una bozza del tuo sito.

Preferisci che te la mandi qui su Instagram, o prima ne parliamo due minuti al telefono? In ogni caso zero costi e zero impegno: se ti piace, poi ne parliamo. Se vuoi vedere cosa facciamo: denkicode.com","Eden Lab Tattoo Studio, via Eugenio Montale 5, Chieri (TO). 2.657 follower, 27 post. Si presenta come laboratorio d'arte con tre professionisti taggati in bio. Nessun sito.",2026-09-21-instagram-siti-piemonte-tatuaggi,siti,,
@thesunflowertattoo,The Sunflower Tattoo,Torino (TO),Studio di tatuaggi,2738,3,"cercato «tatuaggi Torino» fra i profili vicini su Instagram → link in bio:  | https://wa.me/393332300590?countryCode=39&countryName=IT&phoneNumber=3332300590 [verifica-sito] motori «""The Sunflower Tattoo"" Torino»: 9 risultati · domini: altraopinione.org (non risponde); sunflowertattoo.com (non risponde, indovinato); sunflowertattoo.net (parcheggiato, indovinato) · directory: facebook.com, beautynailhairsalons.com, italiarecensioni.com, firmania.it",,,"Ciao, sono Patrick di DenkiCode.

Ho guardato The Sunflower. «Quando il tatuaggio incontra lo stile» in bio, e poi duecentottanta lavori che quella frase la reggono davvero.

Ho notato però una cosa: la frase e i lavori stanno nello stesso posto dove stanno tutti. Un sito tuo non c'è.

Le foto mi hanno fatto venire voglia di provarci. Abbiamo preso ispirazione dal tuo profilo e abbiamo realizzato una bozza del tuo sito.

Preferisci che te la mandi qui su Instagram, o prima ne parliamo due minuti al telefono? In ogni caso zero costi e zero impegno: se ti piace, poi ne parliamo. Se vuoi vedere cosa facciamo: denkicode.com","The Sunflower Tattoo, Torino. 2.738 follower, 288 post. In bio la sola riga «Quando il tatuaggio incontra lo stile». Nessun sito.",2026-09-21-instagram-siti-piemonte-tatuaggi,siti,,
@gligoink,••• gligoink •••,Asti (AT),Studio di tatuaggi,3515,1,"cercato «tatuaggi Asti» fra i profili vicini su Instagram → link in bio: nessuno [verifica-sito] motori «""••• gligoink •••"" Asti»: 1 risultati · domini: nessuno risponde · directory: instagram.com",,,"Ciao, sono Patrick di DenkiCode.

Ho guardato il tuo profilo. Dotwork, geometrico e mandala sono tre cose che stanno bene insieme solo se uno le sa fare davvero, e nei tuoi lavori si vede.

Ho notato però una cosa: chi cerca quello stile ad Asti non arriva a corso Alfieri, perché un sito non c'è.

Le foto mi hanno fatto venire voglia di provarci. Abbiamo preso ispirazione dal tuo profilo e abbiamo realizzato una bozza del tuo sito.

Preferisci che te la mandi qui su Instagram, o prima ne parliamo due minuti al telefono? In ogni caso zero costi e zero impegno: se ti piace, poi ne parliamo. Se vuoi vedere cosa facciamo: denkicode.com","Gligoink, corso Alfieri 401, Asti. 3.515 follower, 312 post. Dotwork, geometrico e mandala, con orari e telefono in bio e lo studio @gligoinktattoostudio. Nessun sito.",2026-09-21-instagram-siti-piemonte-tatuaggi,siti,,
@northlake.tattoo,North Lake Tattoo,Arona (NO),Studio di tatuaggi,1410,1,"cercato «tatuaggi Arona» fra i profili vicini su Instagram → link in bio: nessuno [verifica-sito] motori «""North Lake Tattoo"" Arona»: 1 risultati · domini: nessuno risponde · directory: instagram.com",,,"Ciao, sono Patrick di DenkiCode.

Ho guardato North Lake. «House of traditional tattooing» detto così, con il lago nel nome: è una identità già scritta, e i lavori che pubblicate la rispettano.

Ho notato però una cosa: quell'identità sta in una riga di Instagram. Un sito dove viverla non c'è.

Le foto mi hanno fatto venire voglia di provarci. Abbiamo preso ispirazione dal tuo profilo e abbiamo realizzato una bozza del tuo sito.

Preferisci che te la mandi qui su Instagram, o prima ne parliamo due minuti al telefono? In ogni caso zero costi e zero impegno: se ti piace, poi ne parliamo. Se vuoi vedere cosa facciamo: denkicode.com","North Lake Tattoo, zona Arona (NO). 1.410 follower, 261 post. Studio di traditional, orari martedì-sabato 14-19 in bio. Nessun sito.",2026-09-21-instagram-siti-piemonte-tatuaggi,siti,,
@mint_tattoo_gallery,MINT TATTOO GALLERY,Torino (TO),Studio di tatuaggi,3274,1,"cercato «tatuaggi Torino» fra i profili vicini su Instagram → link in bio: nessuno [verifica-sito] motori «""MINT TATTOO GALLERY"" Torino»: 4 risultati · domini: hestetika.art (vivo: Homepage - HESTETIKA MAGAZINE) · directory: instagram.com, inkbooking.com, youtube.com",,,"Ciao, sono Patrick di DenkiCode.

Ho guardato Mint. Tatuaggi, piercing e galleria d'arte nello stesso posto, con il caffè migliore della città scritto in bio: è un'idea di negozio che quasi nessuno ha.

Ho notato però una cosa: un posto che è tre cose insieme ha bisogno di una pagina che lo spieghi, e un sito non c'è.

Le foto mi hanno fatto venire voglia di provarci. Abbiamo preso ispirazione dal tuo profilo e abbiamo realizzato una bozza del tuo sito.

Preferisci che te la mandi qui su Instagram, o prima ne parliamo due minuti al telefono? In ogni caso zero costi e zero impegno: se ti piace, poi ne parliamo. Se vuoi vedere cosa facciamo: denkicode.com","Mint Tattoo Gallery, Torino. 3.274 follower, 26 post. Tattoo, piercing e galleria d'arte, aperto lun-sab 13-20, founders @edgardo_ciceri e @diegolobotattoo. Nessun sito.",2026-09-21-instagram-siti-piemonte-tatuaggi,siti,,
@kinkstudiotattoo,𝙺-𝙸𝙽𝙺 𝚂𝚃𝚄𝙳𝙸𝙾 𝚃𝙰𝚃𝚃𝙾𝙾 𝙻𝚄𝚇𝚄𝚁𝚈 🇮🇹 𝙸𝚃𝙰𝙻𝚈,Torino (TO),Studio di tatuaggi,13448,1,"cercato «tatuaggi Torino» fra i profili vicini su Instagram → link in bio: https://giftcard.sumup.io/order/GIF4ZM4/k-ink-tatoo-studio | https://giftcard.sumup.io/order/GIF4ZM4/k-ink-tatoo-studio [verifica-sito] motori «""𝙺-𝙸𝙽𝙺 𝚂𝚃𝚄𝙳𝙸𝙾 𝚃𝙰𝚃𝚃𝙾𝙾 𝙻𝚄𝚇𝚄𝚁𝚈 🇮🇹 𝙸𝚃𝙰𝙻𝚈"" Torino»: 0 risultati · domini: nessuno risponde",,,"Ciao, sono Patrick di DenkiCode.

Ho guardato K-Ink. Tredicimila persone, due holder e anche un'accademia con i corsi privati: è uno studio che è diventato una piccola scuola.

Ho notato però una cosa: corsi e studio stanno tutti e due su Instagram. Chi cerca un corso di tatuaggio su Google non vi trova, perché un sito non c'è.

Le foto mi hanno fatto venire voglia di provarci. Abbiamo preso ispirazione dal tuo profilo e abbiamo realizzato una bozza del tuo sito.

Preferisci che te la mandi qui su Instagram, o prima ne parliamo due minuti al telefono? In ogni caso zero costi e zero impegno: se ti piace, poi ne parliamo. Se vuoi vedere cosa facciamo: denkicode.com","K-Ink Studio Tattoo Luxury, Torino. 13.448 follower, 142 post. Due holder, orario lun-sab 9.30-19, sponsor @lateliertattoosupply e corsi privati con @kink_tattooacademy. Nessun sito.",2026-09-21-instagram-siti-piemonte-tatuaggi,siti,,
@logantattoostudio,Logan Tattoo Studio,Valenza (AL),Studio di tatuaggi,2921,3,"cercato «tatuaggi Valenza» fra i profili vicini su Instagram → link in bio: https://www.facebook.com/LoganTattooStudio10/?ref=bookmarks | https://www.facebook.com/LoganTattooStudio10/?ref=bookmarks [verifica-sito] motori «""Logan Tattoo Studio"" Valenza»: 7 risultati · domini: tattooswizard.com (vivo); altraopinione.org (non risponde) · directory: facebook.com, instagram.com, firmania.it, local.italy724.info",,,"Ciao, sono Patrick di DenkiCode.

Ho guardato Logan. Il piercing solo il mercoledì su appuntamento è un dettaglio che dice più di tanti post: vuol dire che l'agenda la tenete voi, non il caso.

Ho notato però una cosa: a Valenza chi vi cerca su internet trova solo Instagram, perché un sito non c'è.

Le foto mi hanno fatto venire voglia di provarci. Abbiamo preso ispirazione dal tuo profilo e abbiamo realizzato una bozza del tuo sito.

Preferisci che te la mandi qui su Instagram, o prima ne parliamo due minuti al telefono? In ogni caso zero costi e zero impegno: se ti piace, poi ne parliamo. Se vuoi vedere cosa facciamo: denkicode.com","Logan Tattoo Studio, viale Santuario 10, Valenza (AL). 2.921 follower, 365 post. Telefono fisso e mail in bio, piercing su appuntamento il mercoledì. Nessun sito.",2026-09-21-instagram-siti-piemonte-tatuaggi,siti,,
@mysticthorntattoo,⛓️𝕸𝖞𝖘𝖙𝖎𝖈 𝕿𝖍𝖔𝖗𝖓 𝕿𝖆𝖙𝖙𝖔𝖔⛓️,Torino (TO),Studio di tatuaggi,1892,3,"cercato «tatuaggi Torino» fra i profili vicini su Instagram → link in bio: https://m.facebook.com/mysticthorntattoo | https://m.facebook.com/mysticthorntattoo [verifica-sito] motori «""⛓️𝕸𝖞𝖘𝖙𝖎𝖈 𝕿𝖍𝖔𝖗𝖓 𝕿𝖆𝖙𝖙𝖔𝖔⛓️"" Torino»: 0 risultati · domini: nessuno risponde",,,"Ciao, sono Patrick di DenkiCode.

Ho guardato Mystic Thorn. Millesettanta post dal 2007: diciotto anni di lavori pubblicati sono una cosa che quasi nessuno in Piemonte può dire.

Ho notato però una cosa: diciotto anni di archivio stanno in un posto dove si scorre e si dimentica. Un sito non c'è.

Le foto mi hanno fatto venire voglia di provarci. Abbiamo preso ispirazione dal tuo profilo e abbiamo realizzato una bozza del tuo sito.

Preferisci che te la mandi qui su Instagram, o prima ne parliamo due minuti al telefono? In ogni caso zero costi e zero impegno: se ti piace, poi ne parliamo. Se vuoi vedere cosa facciamo: denkicode.com","Mystic Thorn Tattoo, Torino. 1.892 follower, 1.078 post. Attivo dal 2007, orari martedì-sabato 11-19 e telefono in bio. Nessun sito.",2026-09-21-instagram-siti-piemonte-tatuaggi,siti,,
