comune,km,nome,piva,gia_25_09,cat_pg,fatturato,anno,personale,dipendenti,indirizzo_pg,indirizzo_legale,telefono,altri,fonte,livello,link_pg,ateco,attivita
Garbagnate Milanese,9.8,PAMA SERVICE S.R.L.,06588230968,si,"Facchinaggio, carico e scarico merci, portabagagli",1462606,2024,835953,da 20 a 49,"Via XX Settembre, 1 - 20024 Garbagnate Milanese (MI)","Via Xx Settembre, 1",02 87077580,,categoria,senza-titolare,https://www.paginegialle.it/garbagnate-milanese-mi/componenti-elettronici/pama-service-impresa-pulizie,81.21,Pulizia generale (non specializzata) di edifici
Cucciago,11.2,SEVEN 99 - SOCIETA' COOPERATIVA,02411050137,si,"Cooperative produzione, lavoro e servizi",6451938,,,,"Via per Cantù, 22 - 22060 Cucciago (CO)","Via Cantu', 22",031 787281,351 8680600,ateco,esatto,https://www.paginegialle.it/seven99sc-cucciago,52.24.4,Movimento merci relativo ad altri trasporti terrestri
Monza,12.5,BUENAVISTA COOPERATIVA SOCIALE,03343780965,si,"Cooperative produzione, lavoro e servizi",3449244,,,,Via Stucchi G. Battista - 20900 Monza (MB),"Via Gerardo Dei Tintori, 18",039 2847071,039 2844076,ateco,esatto,https://www.paginegialle.it/monza-mb/stazioni-di-servizio/buenavista-cooperativa-sociale,52.24.4,Movimento merci relativo ad altri trasporti terrestri
Monza,12.5,COOPERATIVA FACCHINI PORTABAGAGLI SRL,01151790159,si,"Facchinaggio, carico e scarico merci, portabagagli",962686,,,,"Via Tonale, 4 - 20900 Monza (MB)","Presso Aeroporto E.forlanini, SNC",02 70200257,,ateco,altra-sede,https://www.paginegialle.it/milano-mi/autotrasporti/cooperativa-facchini-portabagagli,52.24,Movimentazione merci
Milano,14.5,INTERNATIONAL MOVING GROUP TRASLOCHI E SERVIZI SOCIETA'A RESPONSA BILITA' LIMITAT,09116680969,si,"Facchinaggio, carico e scarico merci, portabagagli",602917,2022,119170,da 10 a 15,"Via Cialdini Enrico, 111 - 20161 Milano (MI)","Via Enrico Cialdini, 111",338 5486454,02 3782137 · 02 36769150,ateco,via,https://www.paginegialle.it/milano-mi/facchinaggio/international-moving-group-traslochi-servizi-socie,52.24.4,Movimento merci relativo ad altri trasporti terrestri
Milano,15.9,SOCIETA' COOPERATIVA FLY MULTISERVIZI,11312140962,si,"Facchinaggio, carico e scarico merci, portabagagli",728757,,,,"Via Vare' Giovanni Battista, 26 - 20158 Milano (MI)","Via Giovanni Battista Vare, 26",02 64082852,,ateco,esatto,https://www.paginegialle.it/milano-mi/facchinaggio/fly-multiservizi,52.24.4,Movimento merci relativo ad altri trasporti terrestri
Milano,18.2,COOPERATIVA AZZURRA SOCIETA' COOPERATIVA,07613420152,si,"Facchinaggio, carico e scarico merci, portabagagli",5538850,,,,"Piazza Duca D'Aosta, 1 - 20125 Milano (MI)","Via Roncaglia, 14",02 67073608,328 4817385 · 081 5185600 · 333 1448593 · 339 1201238 · 392 8283704 · 02 36758414,ateco,esatto,https://www.paginegialle.it/milano-mi/azzurra-s-r-l,52.24,Movimentazione merci
Milano,18.8,ON - BOARD S.R.L.,10931470966,si,"Facchinaggio, carico e scarico merci, portabagagli",9411884,2023,6725561,da 3 a 5,"Viale Tunisia, 43 - 20124 Milano (MI)","Via Ruggiero Settimo, 4",02 6555745,02 41403080,ateco,esatto,https://www.paginegialle.it/milano-mi/on-board_2,52.24,Movimentazione merci
Milano,19.9,SILMA S.R.L.S.,10508490967,si,Consorzi,763120,2022,548678,da 6 a 9,"Via Saffi Aurelio, 34 - 20123 Milano (MI)","Viale Scarampo Lodovico, 49",02 34538334,,ateco,esatto,https://www.paginegialle.it/milano-mi/consorzi/consorzio-nazionale-silma-soc-coop_21914855,52.24.4,Movimento merci relativo ad altri trasporti terrestri
Milano,20.3,DELIVERY ONE S.R.L.,10919440965,si,"Facchinaggio, carico e scarico merci, portabagagli",9619377,2023,9239764,1,"Via Filzi Fabio, 4 - 20124 Milano (MI)","Via Ruggiero Settimo, 4",02 66710827,02 6702440 · 02 41409577,ateco,esatto,https://www.paginegialle.it/milano-mi/delivery-one,52.24.4,Movimento merci relativo ad altri trasporti terrestri
Milano,20.3,ALLIMPIA S.R.L.,06680210967,si,"Facchinaggio, carico e scarico merci, portabagagli",934780,2016,309002,nessuno,"Viale Pirelli Piero e Alberto, 16 - 20126 Milano (MI)","Viale Piero Ed Alberto Pirelli, 16",800 090124,348 2548016 · 371 1651825 · 329 5885292,categoria,esatto,https://www.paginegialle.it/milano-mi/imprese-di-pulizia/allimpia,81.21,Pulizia generale (non specializzata) di edifici
Milano,20.9,LO.DI. S.R.L.,10446140963,si,"Facchinaggio, carico e scarico merci, portabagagli",2277847,2020,1415322,da 50 a 99,"Via Lomellina, 62 - 20133 Milano (MI)","Corso Magenta, 56",02 70007048,,categoria,esatto,https://www.paginegialle.it/milano-mi/lo-di,52.24,Movimentazione merci
Busto Arsizio,21.5,PUNTO SERVIZI - SOCIETA' COOPERATIVA,02774350124,si,"Facchinaggio, carico e scarico merci, portabagagli",2156545,,,,"Via Torquato Tasso, 8 - 21052 Busto Arsizio (VA)","Via Milano, 5",0331 677970,,categoria,esatto,https://www.paginegialle.it/punto-servizi-societa-cooperativa-va,52.24,Movimentazione merci
Milano,21.9,NIENTE DI MALE SOCIETA' COOPERATIVA P.A.,07346810968,si,"Facchinaggio, carico e scarico merci, portabagagli",6996602,,,,"Via Cesare Lombroso, 54 - 20100 Milano (MI)","Via Cesare Lombroso, 54",02 72193525,,categoria,senza-titolare,https://www.paginegialle.it/milano-mi/facchinaggio/niente-di-male-cooperativa,52.24.4,Movimento merci relativo ad altri trasporti terrestri
Pessano con Bornago,22.3,ANTER LOGISTICS SRL,11660630960,si,"Facchinaggio, carico e scarico merci, portabagagli",2758363,2024,815185,1,"Via Grandi Achille, 1 - 20042 Pessano con Bornago (MI)","Via Verdi, 40",02 52807419,,ateco,altra-sede,https://www.paginegialle.it/pessano-con-bornago-mi/anter-logistics,52.24.4,Movimento merci relativo ad altri trasporti terrestri
Busto Arsizio,22.5,ANCORA LAVORO SOCIETA' COOPERATIVA,03474560129,si,"Cooperative produzione, lavoro e servizi",1605394,,,,"Via Rosmini Don Antonio, 4 - 21052 Busto Arsizio (VA)","Via Rosmini, 4",02 91662919,,ateco,esatto,https://www.paginegialle.it/busto-arsizio-va/cooperativa-lavoro/ancora-lavoro-soc-coop,52.24,Movimentazione merci
Milano,23.0,COOPERATIVA ISONZO SOCIETA' COOPERATIVA A RESPONSABILITA' LIMITATA,02537400158,si,"Facchinaggio, carico e scarico merci, portabagagli",736561,,,,"Via Fantoli Gaudenzio, 11 - 20138 Milano (MI)","Via Gaudenzio Fantoli, 11/2",02 27012055,,ateco,esatto,https://www.paginegialle.it/milano-mi/facchinaggio/cooperativa-isonzo-societa-cooperativa-a-responsabilita,52.24,Movimentazione merci
Milano,23.4,LA NUOVA IMPRESA S.R.L.,05166370964,si,"Facchinaggio, carico e scarico merci, portabagagli",379773,2023,132547,da 6 a 9,"Via Fantoli Gaudenzio, 32/C - 20138 Milano (MI)","Via Fantoli Gaudenzio, 32/C",02 58018655,,categoria,esatto,https://www.paginegialle.it/milano-mi/facchinaggio/nuova-impresa,81.21,Pulizia generale (non specializzata) di edifici
Assago,26.5,NEW SERVICE SOCIETA' A RESPONSABILITA' LIMITATA SEMPLIFICATA,12921000969,si,"Facchinaggio, carico e scarico merci, portabagagli",1125746,2024,1130207,da 20 a 49,"Via Alzaia Naviglio, 3 - 20057 Assago (MI)","Via Morandi, 2/4",02 8263444,,ateco,altra-sede,https://www.paginegialle.it/assago-mi/facchinaggio/new-service,52.24.4,Movimento merci relativo ad altri trasporti terrestri
Trezzano Rosa,27.7,M S LOGISTICS S.R.L.,11932730960,si,"Facchinaggio, carico e scarico merci, portabagagli",9211763,2023,6712256,da 250 a 499,"Via Raffaello Sanzio, 13/F - 20060 Trezzano Rosa (MI)","Via R. Sanzio, 13F",02 51823033,,categoria,esatto,https://www.paginegialle.it/trezzano-rosa-mi/logistics,52.29.22,Servizi logistici relativi alla distribuzione delle merci
Suisio,27.9,VAN RIJSSEL TRANSPORTEN S.R.L.,02949030163,si,"Facchinaggio, carico e scarico merci, portabagagli",617452,2023,61609,1,"Via Tiraboschi, 45 - 24040 Suisio (BG)","Via Gerolamo Tiraboschi, 45",035 901040,,ateco,esatto,https://www.paginegialle.it/suisio-bg/van-rijssel-trasporten,52.24,Movimentazione merci
Opera,29.9,RE.LOG. SOCIETA' COOPERATIVA,11018260965,si,"Facchinaggio, carico e scarico merci, portabagagli",1902396,,,,"Via Giuseppe di Vittorio, 20 - 20073 Opera (MI)","Via Milano, 37/C",02 41409987,,ateco,altra-sede,https://www.paginegialle.it/opera-mi/facchinaggio/re-log-societa-cooperativa,52.24,Movimentazione merci
Arsago Seprio,31.4,VIEFFE GROUP SRL,03735830121,si,"Facchinaggio, carico e scarico merci, portabagagli",294541,2022,101150,da 10 a 15,"Via Boccaccio Giovanni, 6 - 21010 Arsago Seprio (VA)","Via Boccaccio, 6",0331 1443313,,ateco,esatto,https://www.paginegialle.it/arsago-seprio-va/facchinaggio/vieffe-group-s-r-l,52.24.4,Movimento merci relativo ad altri trasporti terrestri
Paullo,32.3,GIDAF SOC. COOP.,04596760969,si,"Facchinaggio, carico e scarico merci, portabagagli",3274899,,,,"Via Manzoni Alessandro, 28 - 20067 Paullo (MI)","Via Manzoni, 28",02 49465364,,categoria,esatto,https://www.paginegialle.it/paullo-mi/facchinaggio/g-i-m,81.21,Pulizia generale (non specializzata) di edifici
Brembate di sopra,35.7,COLMACH S.R.L.,02933440162,si,"Facchinaggio, carico e scarico merci, portabagagli",7595612,2024,6720987,da 100 a 199,"Via XXV Aprile, 40 - 24030 Brembate di sopra (BG)","Via Xxv Aprile, 40",035 332511,,categoria,esatto,https://www.paginegialle.it/brembate-di-sopra-bg/promozione-industriale/colmach,82.92.2,Imballaggio e confezionamento di generi non alimentari
Dalmine,36.4,CASTELLANO S.R.L.S.,04345070165,si,"Cooperative produzione, lavoro e servizi",509937,2023,390689,da 10 a 15,"Via Umberto I, 19 - 24044 Dalmine (BG)","Via Umberto I, 19",035 19901457,,ateco,esatto,https://www.paginegialle.it/dalmine-bg/consulenza/castellano-s-r-l-s,52.24,Movimentazione merci
Verdello,38.2,ITAL COOP SERVICE SOCIETA' COOPERATIVA,02344350166,si,Ricerca e selezione del personale,879868,,,,"Corso Italia, 12 - 24049 Verdello (BG)","Corso Italia, 12",035 4821255,035 4821966,ateco,esatto,https://www.paginegialle.it/verdello-bg/ricerca-del-personale/ital-coop.-service,52.24.4,Movimento merci relativo ad altri trasporti terrestri
Bergamo,40.8,EUROBICA - SOCIETA' COOPERATIVA,02758700161,si,"Cooperative produzione, lavoro e servizi",2324542,,,,"Via dei Caniana', 6 - 24127 Bergamo (BG)","Via Dei Caniana, 6/A",035 402856,035 2652842,ateco,esatto,https://www.paginegialle.it/bergamo-bg/eurobica-societa-cooperativa,52.24,Movimentazione merci
Cilavegna,48.2,LA NUOVA RINASCENTE - SOCIETA' COOPERATIVA A RESPONSABILITA' LIMITATA,00825300189,si,Imprese di pulizia,4097697,,,,"Via G. Galilei, 12 - 27024 Cilavegna (PV)","Via Galileo Galilei, 12/14",0381 969813,,ateco,esatto,https://www.paginegialle.it/nuovarinas,52.24.4,Movimento merci relativo ad altri trasporti terrestri
Broni,62.3,PIEFFE SERVIZI SOCIETA' COOPERATIVA,02737450185,,"Facchinaggio, carico e scarico merci, portabagagli",5315802,,,,"Via Martiri delle Foibe, 14 - 27043 Broni (PV)","Via Martiri Delle Foibe, 14/16",0385 255619,,ateco,esatto,https://www.paginegialle.it/broni-pv/facchinaggio/pieffe-servizi,52.24.4,Movimento merci relativo ad altri trasporti terrestri
Rovato,68.5,CONSORZIO SAN CARLO,04119120238,,"Facchinaggio, carico e scarico merci, portabagagli",2537850,2024,63966,,"Via Borsellino, 82 - 25038 Rovato (BS)","Via Borsellino, 82",030 7243424,338 5219340,categoria,esatto,https://www.paginegialle.it/rovato-bs/facchinaggio/agenzia-trasporti-sp,82.99.99,Altri servizi di sostegno alle imprese nca
Flero,81.6,TRASLOCHI SCABELLI GROUPS S.R.L.,03540190984,,"Facchinaggio, carico e scarico merci, portabagagli",2015030,2024,808337,da 10 a 15,"Via Petrarca, 34 - 25020 Flero (BS)","Via Francesco Petrarca, 34",030 2022480,,ateco,esatto,https://www.paginegialle.it/flero-bs/facchinaggio/traslochi-scabelli-groups-s-r-l,52.24.4,Movimento merci relativo ad altri trasporti terrestri
Brescia,85.0,PFM DINAMICA S.R.L.,03956500981,,"Facchinaggio, carico e scarico merci, portabagagli",1444274,2024,1068823,da 20 a 49,"Via Serra Renato, 20 - 25128 Brescia (BS)","Via Renato Serra, 20",030 0997258,,ateco,esatto,https://www.paginegialle.it/brescia-bs/servizi-di-assemblaggio/pfm-dinamica-s-r-l,52.24.4,Movimento merci relativo ad altri trasporti terrestri
Brescia,85.1,DOPPIA E SOC. COOPERATIVA,04405180987,,"Facchinaggio, carico e scarico merci, portabagagli",1515122,,,,"Piazza Almici Monsignor Giuseppe, 15 - 25124 Brescia (BS)","Piazza Mons Giuseppe Almici, 15",030 2388911,,categoria,esatto,https://www.paginegialle.it/brescia-bs/facchinaggio/societa-cooperativa-doppia-e_20753577,52.24.4,Movimento merci relativo ad altri trasporti terrestri
Brescia,85.1,SOCIETA' BRESCIANA MULTISERVIZI SRL,04465390989,,"Facchinaggio, carico e scarico merci, portabagagli",260537,2024,72059,da 50 a 99,"Via Vittorio Emanuele II, 70 - 25121 Brescia (BS)","Via Vittorio Emanuele Ii, 70/72",030 2383767,339 4580017,ateco,esatto,https://www.paginegialle.it/brescia-bs/facchinaggio/societa-bresciana-multiservizi-s-r-l,52.24.4,Movimento merci relativo ad altri trasporti terrestri
Brescia,86.3,FIND-JOB SOCIETA' COOPERATIVA,03557230178,,"Cooperative produzione, lavoro e servizi",319093,,,,"Via Tosetti Luigi, 6 - 25124 Brescia (BS)","Via Tosetti, 6",030 348984,,ateco,esatto,https://www.paginegialle.it/brescia-bs/cooperativa-lavoro/find-job-s.c.,52.24,Movimentazione merci
Castiglione delle Stiviere,108.6,DYNAMIC SOCIETA' COOPERATIVA,02606870208,,"Facchinaggio, carico e scarico merci, portabagagli",4299426,,,,"Via San Pietro, 14 - 46043 Castiglione delle Stiviere (MN)","Via San Pietro, 16",0376 638231,,ateco,esatto,https://www.paginegialle.it/castiglione-delle-stiviere-mn/facchinaggio/dynamic-societa-cooperativa,52.24.4,Movimento merci relativo ad altri trasporti terrestri
Noceto,125.2,DIMO SERVICE SOCIETA' A RESPONSABILITA' LIMITATA,03038530345,,"Facchinaggio, carico e scarico merci, portabagagli",257190,2024,144998,da 6 a 9,"Via Ghiaie di Mezzo, 41 - 43015 Noceto (PR)","Via Ghiaie Di Mezzo, 41",375 6487934,,categoria,esatto,https://www.paginegialle.it/dimo-service-noceto-pr,81.21,Pulizia generale (non specializzata) di edifici
Borgaro Torinese,126.5,ABANTIQUO SRL,09237830014,,"Facchinaggio, carico e scarico merci, portabagagli",429327,2024,172310,da 3 a 5,"Via Raffaello Lambruschini, 5 - 10071 Borgaro Torinese (TO)","Via Raffaello, 5",011 4342535,338 3203385,categoria,esatto,https://www.paginegialle.it/torino-to-abantiqua,81.21,Pulizia generale (non specializzata) di edifici
San Polo,127.1,EKOS LOGISTICA SOCIETA' COOPERATIVA,02804260343,,"Facchinaggio, carico e scarico merci, portabagagli",304807,,,,"Piazza Repubblica, 3 - 43056 San Polo (PR)","Piazza Della Repubblica, 3",0521 813799,0521 346915,ateco,altra-sede,https://www.paginegialle.it/san-polo-pr/facchinaggio/ekos-logistica-societa-cooperativa_2,52.24.4,Movimento merci relativo ad altri trasporti terrestri
Collecchio,130.3,PARMASERVICE S.R.L.,02753850342,,"Facchinaggio, carico e scarico merci, portabagagli",5930097,2024,5367422,da 100 a 199,"Via VIII Marzo, 57 - 43044 Collecchio (PR)","Via 8 Marzo, 57",0521 936937,,ateco,esatto,https://www.paginegialle.it/collecchio-pr/facchinaggio/parmaservice-s-r-l,52.24.4,Movimento merci relativo ad altri trasporti terrestri
Torino,130.5,MARYCOOP SOCIETA' COOPERATIVA,11400890015,,"Facchinaggio, carico e scarico merci, portabagagli",651130,,,,"Via Gropello Giambattista (Conte di Borgone), 17/BIS - 10138 Torino (TO)","Via Fratel Teodoreto, 1/H",011 789071,,categoria,esatto,https://www.paginegialle.it/torino-to/facchinaggio/marycoop,81.21,Pulizia generale (non specializzata) di edifici
Torino,134.3,C.S.A. - COOPERATIVA CARICO E SCARICO AUTOVEICOLI - SOCIETA' COOPERATIVA,00509530010,,"Facchinaggio, carico e scarico merci, portabagagli",2644376,,,,"Via Montezemolo, 26 - 10136 Torino (TO)","Via Montezemolo, 26",011 362532,,ateco,esatto,https://www.paginegialle.it/torino-to/facchinaggio/c.s.a.-cooperativa-carico-scarico-autoveicoli,52.24.4,Movimento merci relativo ad altri trasporti terrestri
Torino,134.5,TECNOSERVICE - SOCIETA' COOPERATIVA,06078740013,,"Cooperative produzione, lavoro e servizi",3350243,,,,"Via Barletta, 99/E - 10136 Torino (TO)","Via Barletta, 99/E",011 2229052,011 2059635 · 349 8013056,ateco,esatto,https://www.paginegialle.it/torino-to/cooperativa-lavoro/tecnoservice-societa-cooperativa-a-r-l,52.24.4,Movimento merci relativo ad altri trasporti terrestri
Genova,134.9,LA LIGURE FACCHINI SOCIETA' COOPERATIVA,01148740101,,"Cooperative produzione, lavoro e servizi",1368468,,,,"Via Rivarolo, 45 - 16161 Genova (GE)","Via Rivarolo, 45/15",010 7411008,,ateco,esatto,https://www.paginegialle.it/genova-ge/cooperativa-lavoro/ligure-facchini,52.24,Movimentazione merci
Genova,138.5,AZ LOGISTIC SOCIETA' COOPERATIVA A R.L.,10968750967,,"Facchinaggio, carico e scarico merci, portabagagli",8891583,,,,"Salita Viale Salvatore, 1 - 16128 Genova (GE)","Via Curtatone, 2",010 3753774,,categoria,esatto,https://www.paginegialle.it/genova-ge/facchinaggio/az-logistic,82.99.99,Altri servizi di sostegno alle imprese nca
Grugliasco,138.6,SOCIETA' COOPERATIVA EUROPA,09800980014,,"Facchinaggio, carico e scarico merci, portabagagli",2481358,,,,"Strada del Portone, 30 - 10095 Grugliasco (TO)","Strada Del Portone, 30",011 3975557,,categoria,esatto,https://www.paginegialle.it/grugliasco-to/facchinaggio/societa-cooperativa-europa,82.99.99,Altri servizi di sostegno alle imprese nca
Mantova,139.8,BALLESTRIERO SRL,01968500205,,"Facchinaggio, carico e scarico merci, portabagagli",847229,2022,436328,da 20 a 49,"Via Cocastelli Carlo, 15/E - 46100 Mantova (MN)","Via Carlo Cocastelli, 15/E",346 6693040,,categoria,senza-titolare,https://www.paginegialle.it/mantova-mn/imprese-di-pulizia/ballestriero-carla_20402730,81.21,Pulizia generale (non specializzata) di edifici
San Giorgio Bigarello,144.0,CARRELLISTI L'UNIONE SOCIETA' COOPERATIVA,00161820204,,"Cooperative produzione, lavoro e servizi",8582719,,,,"Via I Maggio, 42 - 46051 San Giorgio Bigarello (MN)","Via Primo Maggio, 42",0376 271224,,ateco,esatto,https://www.paginegialle.it/san-giorgio-di-mantova-mn/cooperativa-lavoro/carrellisti-unione-societa-cooperativa,52.24,Movimentazione merci
Verona,144.5,FAGER SOCIETA' COOPERATIVA,04366100230,,"Cooperative produzione, lavoro e servizi",1528780,,,,"Via Pancaldo Leone, 68 - 37138 Verona (VR)","Via Leone Pancaldo, 68",0442 081217,,ateco,esatto,https://www.paginegialle.it/verona-vr/imballaggi/fager-societa-cooperativa,52.24.4,Movimento merci relativo ad altri trasporti terrestri
San Giorgio Bigarello,144.8,FIGI LOGISTICA SRL,02629400207,,"Facchinaggio, carico e scarico merci, portabagagli",1517097,2024,1174825,da 20 a 49,"Via Belvedere Vittorio Bachelet, 14 - 46051 San Giorgio Bigarello (MN)","Via Bachelet, 14",0376 1433136,,ateco,esatto,https://www.paginegialle.it/san-giorgio-bigarello-mn/facchinaggio/figi-logistica-s-r-l,52.24.4,Movimento merci relativo ad altri trasporti terrestri
Verona,146.3,VERONA SERVIZI SOCIETA' COOPERATIVA,04292020239,,"Facchinaggio, carico e scarico merci, portabagagli",2148728,,,,"Via Copernico Nicolo', 27 - 37135 Verona (VR)","Piazza Risorgimento, 17",045 585508,,categoria,esatto,https://www.paginegialle.it/verona-vr/verona-servizi-soc-coop,52.24.4,Movimento merci relativo ad altri trasporti terrestri
Verona,147.0,LA BERSAGLIERA SOCIETA' COOPERATIVA O IN FORMA ABBREVIATA LA BERSAGLIERA SC,00781160239,,"Cooperative produzione, lavoro e servizi",1931567,,,,"Via Legnago, 58 - 37134 Verona (VR)","Via Legnago, 58",045 505700,,ateco,esatto,https://www.paginegialle.it/verona-vr/cooperativa-lavoro/bersagliera-soc.-coop.,52.24,Movimentazione merci
San Giovanni Lupatoto,149.2,CONSORZIO SAN MARCO GROUP,04525820231,,"Facchinaggio, carico e scarico merci, portabagagli",2101909,2024,92522,2,"Via Monte Pastello, 16 - 37057 San Giovanni Lupatoto (VR)","Via Monte Pastello, 16/E",045 5545316,045 4743015,ateco,esatto,https://www.paginegialle.it/consorziosanmarcogroupsangiovannilupatoto,52.24.4,Movimento merci relativo ad altri trasporti terrestri
San Giovanni Lupatoto,149.3,LOG&ECO - SOCIETA' COOPERATIVA,02879300230,,Magazzinaggio e logistica industriale - servizio conto terzi,4366803,,,,"Via Ca' Nova Zampieri, 3 - 37057 San Giovanni Lupatoto (VR)","Via Ca' Nova Zampieri, 3",045 8751736,,ateco,esatto,https://www.paginegialle.it/san-giovanni-lupatoto-vr/magazzinaggio/log-eco-coop.-r.l._2,52.24.4,Movimento merci relativo ad altri trasporti terrestri
San Giovanni Lupatoto,149.3,ITALGLOBAL S.R.L.,04893910234,,"Facchinaggio, carico e scarico merci, portabagagli",1812158,2024,1600614,da 50 a 99,"Via Ca' Nova Zampieri, 4/E - 37057 San Giovanni Lupatoto (VR)","Via Ca' Nova Zampieri, 4/E ST A",045 9785638,,ateco,esatto,https://www.paginegialle.it/san-giovanni-lupatoto-vr/facchinaggio/italglobal-s-r-l,52.24.4,Movimento merci relativo ad altri trasporti terrestri
Verona,150.1,COOPERATIVA VENETA SERVICE,04166340234,,"Facchinaggio, carico e scarico merci, portabagagli",261356,,,,"Via Unita' D'Italia, 143 - 37132 Verona (VR)","Via Unita D'italia, 143",045 8937126,,ateco,esatto,https://www.paginegialle.it/verona-vr/coop-veneta-service-arl,52.24.4,Movimento merci relativo ad altri trasporti terrestri
San Giovanni Lupatoto,150.8,EFFEGI-SERVICE SAS DI FRACCA GIOVANNA,04385870235,,"Facchinaggio, carico e scarico merci, portabagagli",3039359,,,,"Località Forte Garofolo, 13 - 37057 San Giovanni Lupatoto (VR)","Via Forte Garofolo, 13",045 8732089,045 8220047 · 348 2308289 · 345 4432904,categoria,senza-titolare,https://www.paginegialle.it/san-giovanni-lupatoto-vr/imprese-di-pulizia/effegi-service-s-r-l,81.21,Pulizia generale (non specializzata) di edifici
Bibbiano,151.6,ISOLAVORO SOCIETA' COOPERATIVA,01995660352,,"Cooperative produzione, lavoro e servizi",8777342,,,,"Piazza del Bianello, 5/A - 42021 Bibbiano (RE)","Piazza Del Bianello, 5/A",0522 883285,,ateco,esatto,https://www.paginegialle.it/quattro-castella-re/cooperativa-lavoro/isolavoro,52.24,Movimentazione merci
San Martino Buon Albergo,154.3,ROVIX SRL,04919400236,,"Facchinaggio, carico e scarico merci, portabagagli",398507,2024,329640,da 20 a 49,"Via Ponte, 13 - 37036 San Martino Buon Albergo (VR)","Via Ponte, 13",045 6111352,,ateco,esatto,https://www.paginegialle.it/san-martino-buon-albergo-vr/rovix-s-r-l,52.24.4,Movimento merci relativo ad altri trasporti terrestri
Savona,158.3,NOVA SOCIETA' COOPERATIVA,03524100108,,"Facchinaggio, carico e scarico merci, portabagagli",3814561,,,,"Via Braja, 34/R - 17100 Savona (SV)","Via Braja, 34R",019 882224,,categoria,esatto,https://www.paginegialle.it/savona-sv/autotrasporti/nova-coop,52.24.2,Movimento merci relativo a trasporti marittimi e fluviali
Nogara,158.7,FUTURA LOGISTIC SOCIETA' COOPERATIVA,02370920239,,"Facchinaggio, carico e scarico merci, portabagagli",2179484,,,,"Piazza Berlinguer Enrico, 2 - 37054 Nogara (VR)","Via Roma, 38",0442 081117,,ateco,altra-sede,https://www.paginegialle.it/nogara-vr/facchinaggio/futura-logistic-soc-coop,52.24,Movimentazione merci
Nogara,158.9,ITALCOMPANY SOCIETA' COOPERATIVA,04669110233,,"Facchinaggio, carico e scarico merci, portabagagli",1270372,,,,"Via Carlo Alberto dalla Chiesa, 34 - 37054 Nogara (VR)","Via Gen. C. A. Dalla Chiesa, 34",0442 513803,,ateco,esatto,https://www.paginegialle.it/italcompanysocietacooperativa-nogara,52.24.4,Movimento merci relativo ad altri trasporti terrestri
Oppeano,162.0,META PROGETTI SRL,04346670237,,"Cooperative produzione, lavoro e servizi",1724762,2024,750303,da 20 a 49,"Via Isolo, 32 - 37050 Oppeano (VR)","Via Isolo, 32",045 6051221,,ateco,esatto,https://www.paginegialle.it/oppeano-vr/cooperativa-lavoro/meta-progetti_2,52.24.4,Movimento merci relativo ad altri trasporti terrestri
Vado Ligure,163.5,SAAR DP GREEN S.R.L.,09626400965,,"Facchinaggio, carico e scarico merci, portabagagli",6999038,2024,1616417,da 16 a 19,"Via Bertola, 14 - 17047 Vado Ligure (SV)","Via Giulio Bertola, 14",019 21631,,categoria,esatto,https://www.paginegialle.it/vado-ligure-sv/petroli/alkion-terminal-vado-ligure,52.24.2,Movimento merci relativo a trasporti marittimi e fluviali
Limidi,170.9,P.R.F. SERVICE SRL,03790210367,,Magazzinaggio e logistica industriale - servizio conto terzi,617374,2022,416785,da 3 a 5,"Via Carpi Ravarino, 604 - 41019 Limidi (MO)","Via Lenin, 48/M",059 9111288,393 1121817,ateco,esatto,https://www.paginegialle.it/limidi-mo/facchinaggio/p-r-f-service-s-r-l,52.24.4,Movimento merci relativo ad altri trasporti terrestri
Modena,175.5,ASSOSERVIZI GROUP SRL,03582701201,,"Facchinaggio, carico e scarico merci, portabagagli",9031826,2023,6585564,da 100 a 199,"Via Sallustio Crispo, 81 - 41123 Modena (MO)","Via Pietro Giardini, 141",059 762494,,categoria,esatto,https://www.paginegialle.it/modena-mo/facchinaggio/assoservizi-group,52.29.22,Servizi logistici relativi alla distribuzione delle merci
La Spezia,178.6,SOC. COOP. LA GIOVANE VALDELLORA ARL,00057510117,,"Cooperative produzione, lavoro e servizi",1717978,,,,"Via Valdellora, 83 - 19124 La Spezia (SP)","Via Valdellora, 83",0187 511180,,ateco,esatto,https://www.paginegialle.it/la-spezia-sp/autogru/giovane-valdellora,52.24.4,Movimento merci relativo ad altri trasporti terrestri
Vicenza,185.1,EURO SERVIZI SAS DI ROBERTO PASQUALIN E C.,02050220223,,"Facchinaggio, carico e scarico merci, portabagagli",2777042,,,,"Via dei Montecchi, 23 - 36100 Vicenza (VI)","Via Dei Montecchi, 23",0444 962616,0444 962717,categoria,senza-titolare,https://www.paginegialle.it/vicenza-vi/facchinaggio/euro-servizi-s-a-s-di-roberto-pasqualin-and-c,52.24,Movimentazione merci
Vicenza,186.0,APOTHEMA SOCIETA' COOPERATIVA,01895040242,,"Facchinaggio, carico e scarico merci, portabagagli",1754435,,,,"Via Divisione Folgore, 32 - 36100 Vicenza (VI)","Via Divisione Folgore, 32",0444 926171,0444 926418 · 0444 924849 · 0444 926435 · 335 7415691,ateco,esatto,https://www.paginegialle.it/vicenza-vi/facchinaggio/apothema-soc-coop,52.24,Movimentazione merci
Castelvetro di Modena,187.1,FREE WORK SOCIETA' COOPERATIVA,03621600364,,"Facchinaggio, carico e scarico merci, portabagagli",6522050,,,,"Via Podgora, 2 - 41014 Castelvetro di Modena (MO)","Via Podgora, 2",059 797223,,ateco,esatto,https://www.paginegialle.it/castelvetro-di-modena-mo/screen-work-soc-coop,52.24.4,Movimento merci relativo ad altri trasporti terrestri
Vicenza,188.0,LNG SERVIZI SRL,04109410243,,Magazzinaggio e logistica industriale - servizio conto terzi,1137143,2024,829823,da 20 a 49,"Piazza Araceli, 8 - 36100 Vicenza (VI)","Via Enrico Fermi, 225",0444 253213,,ateco,esatto,https://www.paginegialle.it/vicenza-vi/magazzinaggio/lng-servizi-s-r-l,52.24,Movimentazione merci
San Cesario sul Panaro,191.3,COOPERATIVA FACCHINI RINASCITA - C. F. R. - SOCIETA' COOPERATIVA,00647920362,,"Facchinaggio, carico e scarico merci, portabagagli",2976953,,,,"Via Verdi, 9 - 41018 San Cesario sul Panaro (MO)","Via Verdi, 9",059 930414,,ateco,esatto,https://www.paginegialle.it/san-cesario-sul-panaro-mo/facchinaggio/cooperativa-facchini-rinascita-c-f-r-societa-cooperativa_19557386,52.24,Movimentazione merci
Spilamberto,193.7,NUOVA F.M. SERVICE SOCIETA' COOPERATIVA,03572360364,,"Facchinaggio, carico e scarico merci, portabagagli",1102676,,,,"Via Tevere, 3 - 41057 Spilamberto (MO)","Via Tevere, 8",059 785674,,ateco,esatto,https://www.paginegialle.it/spilamberto-mo/facchinaggio/nuova-f-m-service-societa-cooperativa_2,52.24.4,Movimento merci relativo ad altri trasporti terrestri
Vignola,193.9,CONSORZIO SERCON,03817330362,,"Cooperative produzione, lavoro e servizi",3329840,2024,,,"Via Paraviana, 271 - 41058 Vignola (MO)","Via Paraviana, 271",348 0110434,059 762599,ateco,via,https://www.paginegialle.it/vignola-mo/cooperativa-lavoro/sercon,52.24.4,Movimento merci relativo ad altri trasporti terrestri
Massa,195.5,M.E.P. SERVIZI SOCIETA' COOPERATIVA,01122570458,,"Facchinaggio, carico e scarico merci, portabagagli",555689,,,,"Via Remola, 7 - 54100 Massa (MS)","Via Remola, 7",0585 833881,,ateco,esatto,https://www.paginegialle.it/massa-ms/facchinaggio/m-e-p-servizi,52.24,Movimentazione merci
Vignola,195.9,FABBRICA DEL LAVORO S.R.L.,03599380361,,"Facchinaggio, carico e scarico merci, portabagagli",8582174,2024,7693748,da 200 a 249,"Corso Italia, 80 - 41058 Vignola (MO)","Corso Italia, 80",059 8676607,,categoria,esatto,https://www.paginegialle.it/vignola-mo/facchinaggio/fabbrica-lavoro,52.29.22,Servizi logistici relativi alla distribuzione delle merci
Zola Predosa,207.8,COOPACKING SOCIETA' COOPERATIVA A RESPONSABILITA' LIMITATA,02384561201,,"Facchinaggio, carico e scarico merci, portabagagli",1356656,,,,"Via delle Officine, n.32/B - 40069 Zola Predosa (BO)","Via Delle Officine, 32/B",051 6167299,,ateco,esatto,https://www.paginegialle.it/coopackingsoccooparl-zolapredosa,52.24,Movimentazione merci
Castel Maggiore,210.4,PLATINUM S.R.L.,02987611205,,"Facchinaggio, carico e scarico merci, portabagagli",3245320,2017,624558,da 20 a 49,"Via Nenni Pietro, 14 - 40013 Castel Maggiore (BO)","Via Angelelli, 14/A",051 6320304,051 713965 · 051 6322211,ateco,esatto,https://www.paginegialle.it/castel-maggiore-bo/facchinaggio/platinum-s-r-l,52.24.4,Movimento merci relativo ad altri trasporti terrestri
Camaiore,210.8,MULTISERVICES SOCIETA' A RESPONSABILITA' LIMITATA SEMPLIFICATA,02421770468,,"Facchinaggio, carico e scarico merci, portabagagli",704571,2020,523272,da 16 a 19,"Via Monte Cavallo, 10 - 55041 Camaiore (LU)","Via Montecavallo, 10",0584 915512,,ateco,esatto,https://www.paginegialle.it/camaiore-lu/facchinaggio/multiservices-societa-responsabilita-limitata-semp,52.24.4,Movimento merci relativo ad altri trasporti terrestri
Bologna,214.3,G.T.A. SOCIETA' COOPERATIVA,07001320964,,"Facchinaggio, carico e scarico merci, portabagagli",1422971,,,,"Via Brugnoli Giovanni, 11 - 40122 Bologna (BO)","Via Dei Vestiari, 12",345 8542226,,categoria,esatto,https://www.paginegialle.it/bologna-bo/imprese-di-pulizia/g-t-a,81.21,Pulizia generale (non specializzata) di edifici
Maserà di Padova,215.0,COOPERATIVA NOVACOP - SOCIETA' COOPERATIVA,01989790280,,"Cooperative produzione, lavoro e servizi",1678441,,,,"Via Terradura, 83 - 35020 Maserà di Padova (PD)","Via Terradura, 83",335 6396587,,ateco,esatto,https://www.paginegialle.it/cooperativanovacopmaseradipadova,52.24.4,Movimento merci relativo ad altri trasporti terrestri
Bologna,215.2,LA COMETA SOCIETA' COOPERATIVA,03678611207,,"Facchinaggio, carico e scarico merci, portabagagli",701181,,,,"Via della Beverara, 224/6 - 40131 Bologna (BO)","Via Della Beverara, 224/6",051 3169988,,ateco,esatto,https://www.paginegialle.it/bologna-bo/facchinaggio/cometa-societa-cooperativa,52.24.4,Movimento merci relativo ad altri trasporti terrestri
Padova,216.6,REALCOOP SOCIETA' COOPERATIVA,05094610283,,Imprese di pulizia,1194133,,,,"Via Salboro, snc - 35124 Padova (PD)","Via Salboro, 22/B",049 2271165,,ateco,via,https://www.paginegialle.it/impresadipulizierealcoop-padova,52.24.4,Movimento merci relativo ad altri trasporti terrestri
Rovigo,216.8,CPS ITALIA SC RL,01336940299,,"Cooperative produzione, lavoro e servizi",1207864,,,,"Viale Tre Martiri, snc - 45100 Rovigo (RO)","Viale Tre Martiri, 59/I",0425 538185,,ateco,esatto,https://www.paginegialle.it/cpsitaliascrl-rovigo,52.24,Movimentazione merci
Padova,220.2,COOPERATIVA REDUCI COMBATTENTI PARTIGIANI NICOLO' TOMMASEO,00211660287,,"Facchinaggio, carico e scarico merci, portabagagli",4165921,,,,"Corso Stati Uniti, 50 - 35127 Padova (PD)","Via Corso Stati Uniti,, 50",049 8703001,,ateco,esatto,https://www.paginegialle.it/padova-pd/facchinaggio/cooperativa-n.-tommaseo,52.24,Movimentazione merci
Padova,220.3,PADOVANA SERVIZI SOCIETA' COOPERATIVA,04946060284,,"Facchinaggio, carico e scarico merci, portabagagli",551105,,,,"Via San Salvatore, 37 - 35127 Padova (PD)","Via San Salvatore, 37",335 8225285,,ateco,esatto,https://www.paginegialle.it/padovana-servizi-padova,52.24,Movimentazione merci
Padova,220.6,FUTURA MULTISERVIZI SOCIETA' COOPERATIVA A RESPONSABILITA' LIMITATA,04930730280,,"Facchinaggio, carico e scarico merci, portabagagli",6192068,,,,"Via Lisbona, 28 - 35127 Padova (PD)","Via Lisbona, 28",049 761163,,ateco,esatto,https://www.paginegialle.it/padova-pd/futura-multiservizi-scarl,52.24.4,Movimento merci relativo ad altri trasporti terrestri
Lucca,225.9,C.D.L IRIDE SOCIETA' COOPERATIVA,01051350468,,"Cooperative produzione, lavoro e servizi",2319626,,,,"Via Traversa, 23 - 55100 Lucca (LU)","Viale Giuseppe Giusti, 225",0583 317353,,ateco,esatto,https://www.paginegialle.it/lucca-lu/cooperativa-lavoro/c-d-l-iride-soc-coop-r-l_20178175,52.24,Movimentazione merci
Lucca,227.9,FASTSERVICES 24 ORE SOCIETA' COOPERATIVA,02000770467,,"Cooperative produzione, lavoro e servizi",562491,,,,"Via Tiglio, 94 - 55100 Lucca (LU)","Via Di Tiglio, 94",0583 953447,,ateco,esatto,https://www.paginegialle.it/arancio-lu/cooperativa-lavoro/fastservices-24-ore-soc-coop-a-r-l,52.24,Movimentazione merci
Capannori,230.6,LA COMETA SOCIETA' COOPERATIVA SOCIALE,01687320463,,"Cooperative produzione, lavoro e servizi",1046561,,,,"Via Stipeti, 6/D - 55012 Capannori (LU)","Via Degli Stipeti, 6/D",0583 332020,,ateco,via,https://www.paginegialle.it/toringo-lu/cooperativa-lavoro/cooperativa-sociale-solidarieta-cometa-arl,52.24.4,Movimento merci relativo ad altri trasporti terrestri
Venezia,250.0,SATURNO SOCIETA' COOPERATIVA,00706490273,,"Cooperative produzione, lavoro e servizi",1996887,,,,"Via Toffoli Angelo, 1/D - 30175 Venezia (VE)","Via Angelo Toffoli, 1/D-E",041 924278,,ateco,esatto,https://www.paginegialle.it/venezia-ve/cooperativa-lavoro/saturno,52.24.4,Movimento merci relativo ad altri trasporti terrestri
Rosolina,250.1,SOCIETA' COOPERATIVA FACCHINI ROSOLINA,00346130297,,"Facchinaggio, carico e scarico merci, portabagagli",368339,,,,"Via Po Brondolo, 43 - 45010 Rosolina (RO)","Via Po Brondolo, 43/4",0426 665189,0426 313447,ateco,esatto,https://www.paginegialle.it/rosolina-ro/facchinaggio/cooperativa-facchini-rosolina,52.24,Movimentazione merci
Calenzano,255.7,CONSORZIO LA MULTISERVICE,05906390488,,"Facchinaggio, carico e scarico merci, portabagagli",3445075,2024,90081,2,"Via Caponnetto Antonino, 1/A - 50041 Calenzano (FI)","Via Pratignone, 11",055 4480766,055 8824502,ateco,altra-sede,https://www.paginegialle.it/calenzano-fi/facchinaggio/consorzio-multiservice,52.24.4,Movimento merci relativo ad altri trasporti terrestri
Capraia e Limite,256.9,MEP MULTISERVIZI SOCIETA' A RESPONSABILITA' LIMITATA SEMPLIFICATA,06912720486,,"Facchinaggio, carico e scarico merci, portabagagli",573537,2023,357486,da 10 a 15,"Via Eugenio Priamo Salani, 1 - 50050 Capraia e Limite (FI)","Via Salani, 1",0571 546750,,ateco,esatto,https://www.paginegialle.it/capraia-e-limite-fi/facchinaggio/mep-multiservizi-semplificata,52.24.4,Movimento merci relativo ad altri trasporti terrestri
Campi Bisenzio,257.1,CONSORZIO MILLENIUM LOGISTICA E SERVIZI,02301620486,,Consorzi,884878,2024,667211,da 16 a 19,"Via Buozzi Bruno, 50 - 50013 Campi Bisenzio (FI)","Via Raffaello Sanzio, 52/R",055 890062,,ateco,esatto,https://www.paginegialle.it/campi-bisenzio-fi/consorzi/consorzio-millenium-logistica-servizi_2,52.24.4,Movimento merci relativo ad altri trasporti terrestri
Cotignola,260.5,COOPERATIVA FACCHINI COTIGNOLA SOCIETA' COOPERATIVA IN SIGLA CO.FA.CO. SOC. COOP.,01056000399,,"Facchinaggio, carico e scarico merci, portabagagli",3502089,,,,"Via Giovanni Falcone, 6 - 48033 Cotignola (RA)","Via Giovanni Falcone, 6 INT. 4",0545 40259,,ateco,via,https://www.paginegialle.it/cotignola-ra/facchinaggio/cooperativa-facchini-cotignola-societa-cooperativa,52.24.4,Movimento merci relativo ad altri trasporti terrestri
Firenze,262.9,COOPERATIVA FACCHINI CASTELLO - SOCIETA' COOPERATIVA PER AZIONI,00788800480,,"Facchinaggio, carico e scarico merci, portabagagli",4562919,,,,"Via Panciatichi, 51/A - 50127 Firenze (FI)","Via Panciatichi, 51/A",055 414921,,ateco,esatto,https://www.paginegialle.it/cooperativa-facchini-castello-per-azioni-firenze,52.24.4,Movimento merci relativo ad altri trasporti terrestri
Firenze,264.7,CLS SOCIETA' COOPERATIVA,06835470482,,"Facchinaggio, carico e scarico merci, portabagagli",647775,,,,"Via Rinuccini Ottavio, 40 - 50144 Firenze (FI)","Via Ottavio Rinuccini, 40",055 0981998,,ateco,esatto,https://www.paginegialle.it/firenze-fi/facchinaggio/cls-societa-cooperativa,52.24,Movimentazione merci
Firenze,265.4,COLLINE FIORENTINE S.R.L. CON SOCIO UNICO,05964590482,,"Facchinaggio, carico e scarico merci, portabagagli",1074762,2024,970323,da 20 a 49,"Via Vittorio Emanuele II, 55/R - 50134 Firenze (FI)","Via Vittorio Emanuele Ii, 55R",055 2693752,055 7609755,ateco,esatto,https://www.paginegialle.it/firenze-fi/facchinaggio/colline-fiorentine-socio-unico_2,52.24.4,Movimento merci relativo ad altri trasporti terrestri
