comune,km,nome,piva,settore,cat_pg,fatturato,anno,personale,dipendenti,indirizzo_pg,indirizzo_legale,telefono,altri,fonte,livello,link_pg,ateco,attivita
Seveso,0.8,ELETECH S.R.L.,02779620968,Allestimento,"Audiovisivi apparecchi ed impianti - produzione, commercio e noleggio",2150441,2024,873511,da 10 a 15,"Via della Repubblica, 43 - 20822 Seveso (MB)","Via Della Repubblica, 43",0362 552552,0362 552553 · 0362 541276,ateco,esatto,https://www.paginegialle.it/seveso-mb/eletech,77.39.94,"Noleggio di strutture ed attrezzature per manifestazioni e spettacoli: impianti luce ed audio senza operatore, palchi, stand ed addobbi luminosi"
Giussano,7.1,IDEE E REALIZZAZIONI SRL,02980200964,Allestimento,Eventi e manifestazioni - impianti ed attrezzature,1449631,2024,225012,da 6 a 9,"Via Cilea Francesco, 4 - 20833 Giussano (MB)","Via Enrico Novati, 2",0362 351292,0362 862422 · 348 0417724,ateco,altra-sede,https://www.paginegialle.it/giussano-mb/fiere-allestimenti/idee-realizzazione-immagine-sortini-nicolo,16.23.21,
Paderno Dugnano,7.6,HIGH SPEED SRL,02211070962,Facchinaggio,"Facchinaggio, carico e scarico merci, portabagagli",4661949,2024,419090,da 10 a 15,"Via Cervi, 10 - 20037 Paderno Dugnano (MI)","Via Amendola, 3/5",02 91080464,,categoria,esatto,https://www.paginegialle.it/paderno-dugnano-mi/high-speed-societa-cooperativa,49.41,Trasporto di merci su strada
Senago,8.7,BRUNELLO S.R.L.,06416840962,Allestimento,Eventi e manifestazioni - impianti ed attrezzature,2248022,2024,1144246,da 20 a 49,"Via del Lavoro, 21 - 20030 Senago (MI)","Via Mazzini, 1",02 39561373,,categoria,esatto,https://www.paginegialle.it/brunellosrl-senago,43.21.01,Installazione di impianti elettrici in edifici o in altre opere di costruzione (inclusa manutenzione e riparazione)
Caronno Pertusella,9.3,ARTE E STRUTTURE SOCIETA' A RESPONSABILITA' LIMITATA SEMPLIFICATA - IN BREVE ARTE E STRUTTURE S.R.L.S. UNIPERSONALE,03529460127,Allestimento,Eventi e manifestazioni - organizzazione,2278918,2024,444139,da 6 a 9,"Via Amilcare Ponchielli, 147 - 21042 Caronno Pertusella (VA)","Via Ponchielli, 147",02 83987422,,ateco,esatto,https://www.paginegialle.it/arte-e-strutture-caronno-pertusella-va,77.39.94,"Noleggio di strutture ed attrezzature per manifestazioni e spettacoli: impianti luce ed audio senza operatore, palchi, stand ed addobbi luminosi"
Garbagnate Milanese,9.8,PAMA SERVICE S.R.L.,06588230968,Facchinaggio,"Facchinaggio, carico e scarico merci, portabagagli",1462606,2024,835953,da 20 a 49,"Via XX Settembre, 1 - 20024 Garbagnate Milanese (MI)","Via Xx Settembre, 1",02 87077580,,categoria,senza-titolare,https://www.paginegialle.it/garbagnate-milanese-mi/componenti-elettronici/pama-service-impresa-pulizie,81.21,Pulizia generale (non specializzata) di edifici
Cantù,10.1,VIGANO' MUSICA S.R.L.,03427920131,Facchinaggio,"Facchinaggio, carico e scarico merci, portabagagli",1017875,2023,395228,da 10 a 15,"Via Milano, 129/D/E - 22063 Cantù (CO)","Viale Lombardia, 83",031 7372926,,categoria,esatto,https://www.paginegialle.it/cantu-co/facchinaggio/vigano-musica-s-r-l,49.41,Trasporto di merci su strada
Cormano,10.5,IDEALEGNO GROUP S.R.L.,05913240965,Allestimento,Eventi e manifestazioni - impianti ed attrezzature,2397801,2024,573194,da 10 a 15,"Via Po, 94 - 20032 Cormano (MI)","Via Fabio Filzi, 68",02 6151294,02 66305846,ateco,esatto,https://www.paginegialle.it/cormano-mi/fiere-allestimenti/idealegno-group,16.23.21,
Bollate,10.7,XCOM SRL,07053320961,Allestimento,Eventi e manifestazioni - impianti ed attrezzature,1320693,2024,139471,1,"Via Madonna in Campagna, 58 - 20021 Bollate (MI)","Via Monte Cervino, 1",02 3560069,,ateco,esatto,https://www.paginegialle.it/bollate-mi/fiere-allestimenti/xcom,77.39.94,"Noleggio di strutture ed attrezzature per manifestazioni e spettacoli: impianti luce ed audio senza operatore, palchi, stand ed addobbi luminosi"
Cucciago,11.2,SEVEN 99 - SOCIETA' COOPERATIVA,02411050137,Facchinaggio,"Cooperative produzione, lavoro e servizi",6451938,,,,"Via per Cantù, 22 - 22060 Cucciago (CO)","Via Cantu', 22",031 787281,351 8680600,ateco,esatto,https://www.paginegialle.it/seven99sc-cucciago,52.24.4,Movimento merci relativo ad altri trasporti terrestri
Monza,12.5,BUENAVISTA COOPERATIVA SOCIALE,03343780965,Facchinaggio,"Cooperative produzione, lavoro e servizi",3449244,,,,Via Stucchi G. Battista - 20900 Monza (MB),"Via Gerardo Dei Tintori, 18",039 2847071,039 2844076,ateco,esatto,https://www.paginegialle.it/monza-mb/stazioni-di-servizio/buenavista-cooperativa-sociale,52.24.4,Movimento merci relativo ad altri trasporti terrestri
Monza,12.5,COOPERATIVA FACCHINI PORTABAGAGLI SRL,01151790159,Facchinaggio,"Facchinaggio, carico e scarico merci, portabagagli",962686,,,,"Via Tonale, 4 - 20900 Monza (MB)","Presso Aeroporto E.forlanini, SNC",02 70200257,,ateco,altra-sede,https://www.paginegialle.it/milano-mi/autotrasporti/cooperativa-facchini-portabagagli,52.24,Movimentazione merci
Novate Milanese,12.8,CONGRESS SERVICE 2000 S.R.L.,09722420156,Allestimento,Eventi e manifestazioni - organizzazione,2731041,2024,265204,da 3 a 5,"Via Boito Arrigo, 6 - 20026 Novate Milanese (MI)","Via Della Lega Lombarda, 1",02 3544560,02 39104168,ateco,altra-sede,https://www.paginegialle.it/novate-milanese-mi/organizzazione-eventi/congress-service-2000-s-r-l,90.02.01,Noleggio con operatore di strutture ed attrezzature per manifestazioni e spettacoli
Villasanta,13.4,KOBA GROUP S.R.L.,07989090969,Allestimento,Eventi e manifestazioni - impianti ed attrezzature,6770958,2024,1124848,da 20 a 49,"Via dei Boschi, 19 - 20852 Villasanta (MB)","Strada Dei Boschi, 19",039 305726,039 2110381,categoria,esatto,https://www.paginegialle.it/villasanta-mb/marketing/koba-group,73.11.02,Conduzione di campagne di marketing e altri servizi pubblicitari
Baranzate,13.4,ARTE'S NEON SRL,12398040159,Allestimento,Eventi e manifestazioni - impianti ed attrezzature,4182651,2024,602482,da 6 a 9,"Via Milano, 149 - 20021 Baranzate (MI)","Via Milano, 149",02 3567255,02 3562131,categoria,esatto,https://www.paginegialle.it/baranzate-mi/pubblicita/arte-neon_2,43.21.01,Installazione di impianti elettrici in edifici o in altre opere di costruzione (inclusa manutenzione e riparazione)
Milano,14.0,SIRIUS INTEGRATED S.R.L.,07672960965,Allestimento,Eventi e manifestazioni - organizzazione,1849796,2024,272640,da 6 a 9,"Via Guido da Velate, 14/B - 20162 Milano (MI)","Via Durini, 27",02 6426685,,ateco,esatto,https://www.paginegialle.it/milano-mi/sirius-integrated,77.39.94,"Noleggio di strutture ed attrezzature per manifestazioni e spettacoli: impianti luce ed audio senza operatore, palchi, stand ed addobbi luminosi"
Rho,14.2,IDEE E PROGETTI S.R.L.,04679860967,Allestimento,Eventi e manifestazioni - impianti ed attrezzature,2568621,2024,193197,da 3 a 5,"Via Biringhello, 114 - 20017 Rho (MI)","Via Biringhello, 114",02 9300216,,ateco,esatto,https://www.paginegialle.it/rho-mi/fiere-allestimenti/idee-progetti,77.39.94,"Noleggio di strutture ed attrezzature per manifestazioni e spettacoli: impianti luce ed audio senza operatore, palchi, stand ed addobbi luminosi"
Milano,14.5,INTERNATIONAL MOVING GROUP TRASLOCHI E SERVIZI SOCIETA'A RESPONSA BILITA' LIMITAT,09116680969,Facchinaggio,"Facchinaggio, carico e scarico merci, portabagagli",602917,2022,119170,da 10 a 15,"Via Cialdini Enrico, 111 - 20161 Milano (MI)","Via Enrico Cialdini, 111",338 5486454,02 3782137 · 02 36769150,ateco,via,https://www.paginegialle.it/milano-mi/facchinaggio/international-moving-group-traslochi-servizi-socie,52.24.4,Movimento merci relativo ad altri trasporti terrestri
Milano,15.9,SOCIETA' COOPERATIVA FLY MULTISERVIZI,11312140962,Facchinaggio,"Facchinaggio, carico e scarico merci, portabagagli",728757,,,,"Via Vare' Giovanni Battista, 26 - 20158 Milano (MI)","Via Giovanni Battista Vare, 26",02 64082852,,ateco,esatto,https://www.paginegialle.it/milano-mi/facchinaggio/fly-multiservizi,52.24.4,Movimento merci relativo ad altri trasporti terrestri
Milano,16.4,MIRTILLA SERVICE SRL,10336040968,Allestimento,Eventi e manifestazioni - impianti ed attrezzature,662152,2024,385454,da 6 a 9,"Via De Rolandi Battista, 14 - 20156 Milano (MI)","Via Battista De Rolandi, 14",02 39285082,,ateco,esatto,https://www.paginegialle.it/milano-mi/mirtilla-service,77.39.94,"Noleggio di strutture ed attrezzature per manifestazioni e spettacoli: impianti luce ed audio senza operatore, palchi, stand ed addobbi luminosi"
Barzanò,16.6,SALP S.R.L.,02970580136,Allestimento,Eventi e manifestazioni - impianti ed attrezzature,4612876,2024,800552,da 16 a 19,"Via Giacomo Matteotti, 37 - 23891 Barzanò (LC)","Via Matteotti, 37",039 955983,,categoria,esatto,https://www.paginegialle.it/salppannellitamburati,16.23.1,Fabbricazione di porte e finestre in legno (escluse porte blindate)
Concorezzo,16.6,PROEVENT S.R.L.,05271480963,Allestimento,Eventi e manifestazioni - impianti ed attrezzature,4570841,2024,476639,,"Via D'Azeglio Massimo, 13 - 20863 Concorezzo (MB)","Via Massimo D'azeglio, 13",039 6116901,039 6041147,categoria,esatto,https://www.paginegialle.it/concorezzo-mb/congressi-servizi/proevent,,
Concorezzo,16.6,SAVING S.R.L.,07406970157,Allestimento,Eventi e manifestazioni - impianti ed attrezzature,401219,2024,174788,da 3 a 5,"Via D'Azeglio Massimo, 13 - 20863 Concorezzo (MB)","Via D'azeglio M., 13",039 6041147,039 6049133,categoria,esatto,https://www.paginegialle.it/concorezzo-mb/stands/saving_2,73.11.01,Ideazione di campagne pubblicitarie
Cologno Monzese,16.8,ON AIR MULTIMEDIA SRL,05410230964,Allestimento,"Audiovisivi apparecchi ed impianti - produzione, commercio e noleggio",1538383,2024,427440,da 6 a 9,"Via Danimarca, 14/10 - 20093 Cologno Monzese (MI)","Via Tintoretto, 10",02 45489371,,ateco,esatto,https://www.paginegialle.it/cologno-monzese-mi/audiovisivi-apparecchi-ed-impianti/on-air-multimedia-s-r-l,77.39.94,"Noleggio di strutture ed attrezzature per manifestazioni e spettacoli: impianti luce ed audio senza operatore, palchi, stand ed addobbi luminosi"
Gorla Minore,17.2,ART  &  ART SCENOGRAFIE S.R.L.,04627410964,Allestimento,Eventi e manifestazioni - impianti ed attrezzature,1499832,2024,224930,da 6 a 9,"Via Redipuglia, 104 - 21055 Gorla Minore (VA)","Via Redipuglia, 104",0331 606484,0331 727784 · 0331 600653,categoria,esatto,https://www.paginegialle.it/gorla-minore-va/stands/art-art-scenografie,43.29.09,Altri lavori di costruzione e installazione nca
Milano,17.4,FOTOLITO APORTI DAL 1960 S.R.L.,03236010157,Allestimento,Eventi e manifestazioni - impianti ed attrezzature,480183,2024,177929,da 6 a 9,"Via Valtorta, 6 - 20127 Milano (MI)","Via Valtorta, 4/6",02 26140027,,categoria,esatto,https://www.paginegialle.it/milano-mi/congressi-impianti/fotolito-aporti-dal-1960-s-r-l,73.11.01,Ideazione di campagne pubblicitarie
Milano,17.5,O.G.S.ORGANIZZAZIONE E GESTIONE DI SERVIZI SRL,05109280155,Allestimento,Eventi e manifestazioni - impianti ed attrezzature,514749,2024,95645,2,"Via Koristka Francesco, 3 - 20154 Milano (MI)","Via Francesco Koristka, 3",02 3450610,,ateco,esatto,https://www.paginegialle.it/milano-mi/fiere-allestimenti/o.g.s.-organizzazione-gestione-servizi_2,82.3,Organizzazione di convegni e fiere
Legnano,17.6,EXTRO S.R.L.,10210720966,Allestimento,Eventi e manifestazioni - impianti ed attrezzature,600987,2024,189190,da 3 a 5,"Via dell'Acqua Carlo, 17 - 20025 Legnano (MI)","Via Barbara Melzi, 170",0331 592027,,categoria,esatto,https://www.paginegialle.it/legnano-mi/articoli-natalizi/extro-s-r-l,73.11.01,Ideazione di campagne pubblicitarie
Milano,18.0,SERVIZI TECNICI S.R.L.,09220091004,Allestimento,Eventi e manifestazioni - impianti ed attrezzature,1644167,2023,268924,2,"Via Filzi Fabio, 42 - 20124 Milano (MI)","Corso Vittorio Emanuele Ii, 37/B",02 67174057,,categoria,senza-titolare,https://www.paginegialle.it/milano-mi/congressi-impianti/servizi-tecnici-s-a-s-di-maurizio-mauro-perotti,82.99.99,Altri servizi di sostegno alle imprese nca
Milano,18.2,COOPERATIVA AZZURRA SOCIETA' COOPERATIVA,07613420152,Facchinaggio,"Facchinaggio, carico e scarico merci, portabagagli",5538850,,,,"Piazza Duca D'Aosta, 1 - 20125 Milano (MI)","Via Roncaglia, 14",02 67073608,328 4817385 · 081 5185600 · 333 1448593 · 339 1201238 · 392 8283704 · 02 36758414,ateco,esatto,https://www.paginegialle.it/milano-mi/azzurra-s-r-l,52.24,Movimentazione merci
Milano,18.7,ALTOFRAGILE S.R.L.,08166190960,Allestimento,Eventi e manifestazioni - impianti ed attrezzature,1462375,2024,63464,2,"Via Petrella Errico, 9 - 20124 Milano (MI)","Via Petrella Errico, 9",02 36522680,,ateco,esatto,https://www.paginegialle.it/milano-mi/galleria-d-arte/altofragile,82.3,Organizzazione di convegni e fiere
Milano,18.7,PROGETTI & PROGETTI S.R.L.,12434120155,Allestimento,Eventi e manifestazioni - impianti ed attrezzature,973234,2024,64885,1,"Via Vincenzo Monti, 77 - 20145 Milano (MI)","Via Vincenzo Monti, 77",02 39400213,,ateco,esatto,https://www.paginegialle.it/progettiprogettisrl-milano,16.23.21,
Milano,18.8,ON - BOARD S.R.L.,10931470966,Facchinaggio,"Facchinaggio, carico e scarico merci, portabagagli",9411884,2023,6725561,da 3 a 5,"Viale Tunisia, 43 - 20124 Milano (MI)","Via Ruggiero Settimo, 4",02 6555745,02 41403080,ateco,esatto,https://www.paginegialle.it/milano-mi/on-board_2,52.24,Movimentazione merci
Vimodrone,19.2,NUOVA METROSTAND S.R.L.,09140930968,Allestimento,Eventi e manifestazioni - impianti ed attrezzature,1502288,2023,217359,da 6 a 9,"Via Dell' Artigianato, 26 - 20090 Vimodrone (MI)","Via Dell'artigianato, 26",02 36588112,,categoria,esatto,https://www.paginegialle.it/vimodrone-mi/congressi-impianti/nuova-metrostand-s-r-l,43.29.09,Altri lavori di costruzione e installazione nca
Milano,19.3,W-M MANAGEMENT S.R.L.,07405270963,Allestimento,Eventi e manifestazioni - impianti ed attrezzature,922223,2023,114857,da 3 a 5,"Viale Abruzzi, 37 - 20131 Milano (MI)","Viale Abruzzi, 37",02 84565264,02 84565265 · 02 41407969,categoria,esatto,https://www.paginegialle.it/milano-mi/management_2,73.11.02,Conduzione di campagne di marketing e altri servizi pubblicitari
Milano,19.5,CLEIS COMUNICAZIONE PROMOZIONE E SERVIZI PER L'IMPRESA S.R.L.,10517210158,Allestimento,Eventi e manifestazioni - impianti ed attrezzature,987512,2024,65447,2,"Via Melzo, 23 - 20129 Milano (MI)","Via Spallanzani Lazzaro, 10",02 20520553,379 3096428 · 375 8130511,categoria,esatto,https://www.paginegialle.it/milano-mi/fiere-allestimenti/cleis-comunicazione-promozione-servizi-impresa,82.99,Altri servizi di supporto alle imprese nca
Milano,19.6,ALL SERVICE SRL,02632450132,Facchinaggio,"Facchinaggio, carico e scarico merci, portabagagli",5777845,2022,2825567,da 3 a 5,"Via Bazzoni Gian Battista, 12 - 20123 Milano (MI)","Piazza Sicilia, 6",02 43413186,02 45893261,categoria,esatto,https://www.paginegialle.it/milano-mi/all-service_4,16.24,Fabbricazione di imballaggi in legno
Settimo Milanese,19.6,ARTES GROUP INTERNATIONAL S.R.L.,06986270962,Allestimento,Eventi e manifestazioni - impianti ed attrezzature,5123646,2024,680350,da 10 a 15,"Via Fermi, 38 - 20019 Settimo Milanese (MI)","Via E. Fermi, 38",02 23369775,02 23369786,ateco,esatto,https://www.paginegialle.it/settimo-milanese-mi/artes-group-international,16.23.21,
Milano,19.6,F.M. SCENOGRAFIE S.R.L.,12477030154,Allestimento,Eventi e manifestazioni - impianti ed attrezzature,2811480,2024,847444,da 10 a 15,"Via Paleocapa Pietro, 4 - 20121 Milano (MI)","Piazza Della Repubblica, 19",02 48843778,,categoria,esatto,https://www.paginegialle.it/milano-mi/fiere-allestimenti/f-m,31.01.22,Fabbricazione di altri mobili non metallici per ufficio e negozi
Cernusco sul Naviglio,19.7,STAR SERVICE S.R.L.,07496580155,Allestimento,Amplificazione sonora,3460290,2024,504332,da 10 a 15,"Via Colombo Giordano, 9 - 20063 Cernusco sul Naviglio (MI)","Via Giordano Colombo, 9/11",02 9238559,,ateco,esatto,https://www.paginegialle.it/cernusco-sul-naviglio-mi/amplificazione-sonora/star-service_3,90.02.09,Altre attivita' di supporto alle rappresentazioni artistiche
Milano,19.9,NEW PROJECT SRL,12687920962,Allestimento,Eventi e manifestazioni - impianti ed attrezzature,809325,2024,162582,1,"Via dei Bossi, 3 - 20121 Milano (MI)","Corso Magenta, 42",02 2408414,,categoria,esatto,https://www.paginegialle.it/newprojectsrl-milano,73.11.02,Conduzione di campagne di marketing e altri servizi pubblicitari
Milano,19.9,SILMA S.R.L.S.,10508490967,Facchinaggio,Consorzi,763120,2022,548678,da 6 a 9,"Via Saffi Aurelio, 34 - 20123 Milano (MI)","Viale Scarampo Lodovico, 49",02 34538334,,ateco,esatto,https://www.paginegialle.it/milano-mi/consorzi/consorzio-nazionale-silma-soc-coop_21914855,52.24.4,Movimento merci relativo ad altri trasporti terrestri
Osnago,20.0,ALLESTIMENTI PREZIATI & DESIGN S.R.L.,08397900963,Allestimento,Eventi e manifestazioni - impianti ed attrezzature,1734973,2024,498356,da 10 a 15,"Via Dell' Artigiananto, 1/5 - 23875 Osnago (LC)","Via Fabio Filzi, 13",039 587880,,ateco,altra-sede,https://www.paginegialle.it/osnago-lc/fiere-allestimenti/allestimenti-preziati-design,16.23.21,
Cernusco sul Naviglio,20.0,RENTAL DESIGN SRL,09686680969,Allestimento,Eventi e manifestazioni - impianti ed attrezzature,372634,2024,98209,2,"Strada Statale Padana Superiore 11, 16/18 - 20063 Cernusco sul Naviglio (MI)","Via Giuseppe Di Vittorio, 297",02 2421551,02 36601810,ateco,altra-sede,https://www.paginegialle.it/cernusco-sul-naviglio-mi/congressi-impianti/rental-design-s-r-l,77.39.94,"Noleggio di strutture ed attrezzature per manifestazioni e spettacoli: impianti luce ed audio senza operatore, palchi, stand ed addobbi luminosi"
Milano,20.1,CONFIDA SERVIZI S.R.L.,12235940157,Allestimento,Eventi e manifestazioni - impianti ed attrezzature,3772303,2024,162533,1,"Via Marradi Giovanni, 1 - 20123 Milano (MI)","Via Napo Torriani, 29",02 33105685,02 33105705,categoria,esatto,https://www.paginegialle.it/milano-mi/fiere-allestimenti/venditalia-servizi,82.99.99,Altri servizi di sostegno alle imprese nca
Milano,20.3,DELIVERY ONE S.R.L.,10919440965,Facchinaggio,"Facchinaggio, carico e scarico merci, portabagagli",9619377,2023,9239764,1,"Via Filzi Fabio, 4 - 20124 Milano (MI)","Via Ruggiero Settimo, 4",02 66710827,02 6702440 · 02 41409577,ateco,esatto,https://www.paginegialle.it/milano-mi/delivery-one,52.24.4,Movimento merci relativo ad altri trasporti terrestri
Milano,20.3,GEMMI LUCI S.R.L.,09727170152,Allestimento,Illuminazione - apparecchiature,2997526,2024,512176,da 6 a 9,"Via Fantoli Gaudenzio, 11/1 - 20138 Milano (MI)","Via Fantoli Gaudenzio, 11/1",02 5062841,,ateco,esatto,https://www.paginegialle.it/milano-mi/illuminazione/gemmi-luci-gemmiluci,77.39.94,"Noleggio di strutture ed attrezzature per manifestazioni e spettacoli: impianti luce ed audio senza operatore, palchi, stand ed addobbi luminosi"
Milano,20.3,ALLIMPIA S.R.L.,06680210967,Facchinaggio,"Facchinaggio, carico e scarico merci, portabagagli",934780,2016,309002,nessuno,"Viale Pirelli Piero e Alberto, 16 - 20126 Milano (MI)","Viale Piero Ed Alberto Pirelli, 16",800 090124,348 2548016 · 371 1651825 · 329 5885292,categoria,esatto,https://www.paginegialle.it/milano-mi/imprese-di-pulizia/allimpia,81.21,Pulizia generale (non specializzata) di edifici
Settimo Milanese,20.5,GRUPPO INTERFIERE S.R.L.,02667640151,Allestimento,Eventi e manifestazioni - impianti ed attrezzature,3410264,2024,559300,da 10 a 15,"Via Edison Tommaso, 209 - 20019 Settimo Milanese (MI)","Via Thomas Alva Edison, 209",02 48920841,02 4566105,categoria,esatto,https://www.paginegialle.it/villaggio-cavour-mi/amministrazioni-immobiliari/comune-osimo,73.11.01,Ideazione di campagne pubblicitarie
Milano,20.9,LO.DI. S.R.L.,10446140963,Facchinaggio,"Facchinaggio, carico e scarico merci, portabagagli",2277847,2020,1415322,da 50 a 99,"Via Lomellina, 62 - 20133 Milano (MI)","Corso Magenta, 56",02 70007048,,categoria,esatto,https://www.paginegialle.it/milano-mi/lo-di,52.24,Movimentazione merci
Bareggio,20.9,HI - SEGNO S.R.L.,04100390964,Allestimento,Eventi e manifestazioni - impianti ed attrezzature,811879,2024,79000,2,"Via Madonna Pellegrina, 168 - 20010 Bareggio (MI)","Via Madonna Pellegrina, 168/B",02 9013849,,categoria,esatto,https://www.paginegialle.it/bareggio-mi/stands/hi-segno,73.11,Agenzie pubblicitarie
Milano,21.1,HONEGGER GASPARE S.R.L.,11531890157,Allestimento,Eventi e manifestazioni - impianti ed attrezzature,1942741,2024,904845,da 10 a 15,"Via Carlini Francesco, 1 - 20146 Milano (MI)","Viale Legioni Romane, 43",02 4779141,02 47791491 · 02 47791490,ateco,esatto,https://www.paginegialle.it/milano-mi/agente-commercio/honegger-gaspare_3,82.3,Organizzazione di convegni e fiere
Busto Arsizio,21.5,PUNTO SERVIZI - SOCIETA' COOPERATIVA,02774350124,Facchinaggio,"Facchinaggio, carico e scarico merci, portabagagli",2156545,,,,"Via Torquato Tasso, 8 - 21052 Busto Arsizio (VA)","Via Milano, 5",0331 677970,,categoria,esatto,https://www.paginegialle.it/punto-servizi-societa-cooperativa-va,52.24,Movimentazione merci
Milano,21.5,AAAHHHAAA SRL,11547080157,Allestimento,Eventi e manifestazioni - impianti ed attrezzature,329604,2024,,1,"Via Tortona, 72 - 20144 Milano (MI)","Via Tortona, 72",02 87224459,02 36516086,categoria,esatto,https://www.paginegialle.it/zibido-san-giacomo-mi/associazione-comunita-nuova-onlus,90,"Attivita' creative, artistiche e di intrattenimento"
Milano,21.9,NIENTE DI MALE SOCIETA' COOPERATIVA P.A.,07346810968,Facchinaggio,"Facchinaggio, carico e scarico merci, portabagagli",6996602,,,,"Via Cesare Lombroso, 54 - 20100 Milano (MI)","Via Cesare Lombroso, 54",02 72193525,,categoria,senza-titolare,https://www.paginegialle.it/milano-mi/facchinaggio/niente-di-male-cooperativa,52.24.4,Movimento merci relativo ad altri trasporti terrestri
Cernusco sul Naviglio,22.0,CAMERA SERVICE GROUP SRL,09543130968,Allestimento,Eventi e manifestazioni - impianti ed attrezzature,2373691,2024,752560,da 20 a 49,"Via Bergamo, 7 - 20063 Cernusco sul Naviglio (MI)","Via Giuseppe Di Vittorio, 297",335 1387849,,ateco,altra-sede,https://www.paginegialle.it/cernusco-sul-naviglio-mi/camera-service-group,77.39.94,"Noleggio di strutture ed attrezzature per manifestazioni e spettacoli: impianti luce ed audio senza operatore, palchi, stand ed addobbi luminosi"
Pioltello,22.3,STANDART S.R.L.,12739180151,Allestimento,Eventi e manifestazioni - impianti ed attrezzature,4891582,2024,1237741,da 20 a 49,"Via Meucci, 7 - 20096 Pioltello (MI)","Via Antonio Meucci, 7",02 92160544,,ateco,esatto,https://www.paginegialle.it/pioltello-mi/congressi-impianti/standart-s-r-l,77.39.94,"Noleggio di strutture ed attrezzature per manifestazioni e spettacoli: impianti luce ed audio senza operatore, palchi, stand ed addobbi luminosi"
Pessano con Bornago,22.3,ANTER LOGISTICS SRL,11660630960,Facchinaggio,"Facchinaggio, carico e scarico merci, portabagagli",2758363,2024,815185,1,"Via Grandi Achille, 1 - 20042 Pessano con Bornago (MI)","Via Verdi, 40",02 52807419,,ateco,altra-sede,https://www.paginegialle.it/pessano-con-bornago-mi/anter-logistics,52.24.4,Movimento merci relativo ad altri trasporti terrestri
Corsico,22.3,ST GROUP S.R.L.,13446610159,Allestimento,Eventi e manifestazioni - impianti ed attrezzature,1506191,2024,442974,da 6 a 9,"Via Leonardo da Vinci, 43 - 20094 Corsico (MI)","Via Leonardo Da Vinci, 43",02 4503127,,ateco,esatto,https://www.paginegialle.it/corsico-mi/fiere-allestimenti/st-group,77.39.94,"Noleggio di strutture ed attrezzature per manifestazioni e spettacoli: impianti luce ed audio senza operatore, palchi, stand ed addobbi luminosi"
Cesano Boscone,22.3,ALL OVER VIDEO SERVICE S.R.L.,04061050961,Allestimento,"Audiovisivi apparecchi ed impianti - produzione, commercio e noleggio",854511,2024,359053,da 10 a 15,"Via Trieste, 3 - 20090 Cesano Boscone (MI)","Via Privata Alzaia Trieste, 3",02 4400110,,ateco,esatto,https://www.paginegialle.it/cesano-boscone-mi/audiovisivi-apparecchi-ed-impianti/all-over-video-service,77.39.94,"Noleggio di strutture ed attrezzature per manifestazioni e spettacoli: impianti luce ed audio senza operatore, palchi, stand ed addobbi luminosi"
Milano,22.3,MILANO EXPRESS S.R.L.,07517790155,Facchinaggio,"Facchinaggio, carico e scarico merci, portabagagli",818093,2024,211683,da 6 a 9,"Via Guglielmo Guintellino, 26 - 20143 Milano (MI)","Via Guintellino Guglielmo, 26",02 8386,,categoria,esatto,https://www.paginegialle.it/milanoexpress,53.2,Altre attivita' postali e di corriere
Arluno,22.4,PLANET STAND SRL,12860590152,Allestimento,Eventi e manifestazioni - impianti ed attrezzature,2460283,2024,183369,da 6 a 9,"Via Adamello, 1 - 20010 Arluno (MI)","Via Adamello, 1",02 9012027,,categoria,esatto,https://www.paginegialle.it/arluno-mi/fiere-allestimenti/planet-stand-pilotti-floriano-c.,43.29.09,Altri lavori di costruzione e installazione nca
Merate,22.5,MEETING PROJECT SRL,02141810131,Allestimento,Eventi e manifestazioni - organizzazione,1956174,2024,370086,da 6 a 9,"Via Frisia Donato, 2 - 23807 Merate (LC)","Via Donato Frisia, 2",039 9902114,039 9907326,ateco,esatto,https://www.paginegialle.it/merate-lc/congressi-servizi/meeting-project_2,77.39.94,"Noleggio di strutture ed attrezzature per manifestazioni e spettacoli: impianti luce ed audio senza operatore, palchi, stand ed addobbi luminosi"
Busto Arsizio,22.5,ANCORA LAVORO SOCIETA' COOPERATIVA,03474560129,Facchinaggio,"Cooperative produzione, lavoro e servizi",1605394,,,,"Via Rosmini Don Antonio, 4 - 21052 Busto Arsizio (VA)","Via Rosmini, 4",02 91662919,,ateco,esatto,https://www.paginegialle.it/busto-arsizio-va/cooperativa-lavoro/ancora-lavoro-soc-coop,52.24,Movimentazione merci
Arluno,22.7,EXPODESIGN S.R.L.,08379100962,Allestimento,Eventi e manifestazioni - impianti ed attrezzature,1365892,2023,169990,da 6 a 9,"Via Gioacchino Rossini, 18 - 20004 Arluno (MI)","Via Rossini, 18",02 93900508,335 317448,ateco,via,https://www.paginegialle.it/expo-design-arluno-mi,16.23.21,
Busto Arsizio,23.0,MODO ALLESTIMENTI SRL,02756620122,Allestimento,Eventi e manifestazioni - impianti ed attrezzature,1370340,2024,341018,da 6 a 9,"Via Canton Santo, 5 - 21052 Busto Arsizio (VA)","Via Canton Santo, 5",0331 329866,,ateco,esatto,https://www.paginegialle.it/busto-arsizio-va/stands/modo-allestimenti_2,77.39.94,"Noleggio di strutture ed attrezzature per manifestazioni e spettacoli: impianti luce ed audio senza operatore, palchi, stand ed addobbi luminosi"
Milano,23.0,COOPERATIVA ISONZO SOCIETA' COOPERATIVA A RESPONSABILITA' LIMITATA,02537400158,Facchinaggio,"Facchinaggio, carico e scarico merci, portabagagli",736561,,,,"Via Fantoli Gaudenzio, 11 - 20138 Milano (MI)","Via Gaudenzio Fantoli, 11/2",02 27012055,,ateco,esatto,https://www.paginegialle.it/milano-mi/facchinaggio/cooperativa-isonzo-societa-cooperativa-a-responsabilita,52.24,Movimentazione merci
Milano,23.4,LA NUOVA IMPRESA S.R.L.,05166370964,Facchinaggio,"Facchinaggio, carico e scarico merci, portabagagli",379773,2023,132547,da 6 a 9,"Via Fantoli Gaudenzio, 32/C - 20138 Milano (MI)","Via Fantoli Gaudenzio, 32/C",02 58018655,,categoria,esatto,https://www.paginegialle.it/milano-mi/facchinaggio/nuova-impresa,81.21,Pulizia generale (non specializzata) di edifici
Milano,23.9,SIGMA VISION S.R.L.,10809170151,Allestimento,"Audiovisivi apparecchi ed impianti - produzione, commercio e noleggio",995431,2024,233791,da 3 a 5,"Via Sibari, 15 - 20141 Milano (MI)","Viale Premuda, 27",02 55210872,,ateco,esatto,https://www.paginegialle.it/milano-mi/audiovisivi-apparecchi-ed-impianti/sigma-vision_2,90.02.01,Noleggio con operatore di strutture ed attrezzature per manifestazioni e spettacoli
Peschiera Borromeo,25.3,UNISTAND MILANO SRL,08475790963,Allestimento,Eventi e manifestazioni - impianti ed attrezzature,3712971,2024,712320,da 16 a 19,"Via Colombo Cristoforo, 9 - 20068 Peschiera Borromeo (MI)","Via Della Liberazione, 43",02 98282180,,categoria,esatto,https://www.paginegialle.it/peschiera-borromeo-mi/congressi-impianti/unistand-milano,43.29.09,Altri lavori di costruzione e installazione nca
Assago,26.3,TIMPANI S.R.L.,04283560375,Allestimento,"Audiovisivi apparecchi ed impianti - produzione, commercio e noleggio",689980,2023,,1,"Via Idiomi Mario, 1 - 20057 Assago (MI)","Via Idiomi, 1/42",02 40701977,342 3929868,ateco,esatto,https://www.paginegialle.it/assago-mi/audiovisivi-apparecchi-ed-impianti/timpani,90.02.01,Noleggio con operatore di strutture ed attrezzature per manifestazioni e spettacoli
Assago,26.5,NEW SERVICE SOCIETA' A RESPONSABILITA' LIMITATA SEMPLIFICATA,12921000969,Facchinaggio,"Facchinaggio, carico e scarico merci, portabagagli",1125746,2024,1130207,da 20 a 49,"Via Alzaia Naviglio, 3 - 20057 Assago (MI)","Via Morandi, 2/4",02 8263444,,ateco,altra-sede,https://www.paginegialle.it/assago-mi/facchinaggio/new-service,52.24.4,Movimento merci relativo ad altri trasporti terrestri
Trezzano Rosa,27.0,THREE D MEN S.R.L.,07650910966,Allestimento,Eventi e manifestazioni - impianti ed attrezzature,311514,2024,,nessuno,"Via Bologna, 1/D - 20060 Trezzano Rosa (MI)","Via Bologna, 1/D",02 99990111,02 99990112 · 02 99990113 · 02 99990114,categoria,esatto,https://www.paginegialle.it/trezzano-rosa-mi/congressi-impianti/three-d-men-s-r-l,43.99.09,Altre attivita' di lavori specializzati di costruzione nca
Peschiera Borromeo,27.5,INTEA-INTERNATIONAL EXHIBITION ASSISTANTS -S.R.L.,04580900159,Allestimento,Eventi e manifestazioni - impianti ed attrezzature,5952376,2024,1514000,da 20 a 49,"Via Giovanni XXIII Papa, 23 - 20068 Peschiera Borromeo (MI)","Via Papa Giovanni Xxiii, 23",02 55300788,,ateco,esatto,https://www.paginegialle.it/peschiera-borromeo-mi/congressi-impianti/intea-international-exhibition-assistants-s-r-l,16.23.21,
Samarate,27.5,APOTEMA SRL,02070710021,Allestimento,Eventi e manifestazioni - impianti ed attrezzature,945312,2024,173823,da 6 a 9,"Via XX Settembre, 11 - 21017 Samarate (VA)","Via Xx Settembre, 11",0331 222748,0331 223558,categoria,esatto,https://www.paginegialle.it/samarate-va/congressi-impianti/apotema-s-r-l,73.11.01,Ideazione di campagne pubblicitarie
Trezzano Rosa,27.7,M S LOGISTICS S.R.L.,11932730960,Facchinaggio,"Facchinaggio, carico e scarico merci, portabagagli",9211763,2023,6712256,da 250 a 499,"Via Raffaello Sanzio, 13/F - 20060 Trezzano Rosa (MI)","Via R. Sanzio, 13F",02 51823033,,categoria,esatto,https://www.paginegialle.it/trezzano-rosa-mi/logistics,52.29.22,Servizi logistici relativi alla distribuzione delle merci
Melzo,27.7,STAR LIGHT DESIGN SOCIETA' A RESPONSABILITA' LIMITATA SEMPLIFICAT,11547850963,Allestimento,Eventi e manifestazioni - impianti ed attrezzature,656995,2023,87433,da 6 a 9,"Via La Malfa Ugo, 68 - 20066 Melzo (MI)","Via Ugo La Malfa, 68",02 64136171,02 93216643,categoria,esatto,https://www.paginegialle.it/melzo-mi/congressi-impianti/star-light-design-semplificat,43.32.02,"Posa in opera di infissi, arredi, controsoffitti, pareti mobili e simili"
Suisio,27.9,VAN RIJSSEL TRANSPORTEN S.R.L.,02949030163,Facchinaggio,"Facchinaggio, carico e scarico merci, portabagagli",617452,2023,61609,1,"Via Tiraboschi, 45 - 24040 Suisio (BG)","Via Gerolamo Tiraboschi, 45",035 901040,,ateco,esatto,https://www.paginegialle.it/suisio-bg/van-rijssel-trasporten,52.24,Movimentazione merci
San Giuliano Milanese,28.5,HERON INTERNATIONAL SRL,08454680151,Allestimento,Eventi e manifestazioni - impianti ed attrezzature,810327,2021,168669,da 3 a 5,"Via Monferrato, 91 - 20098 San Giuliano Milanese (MI)","Via Monferrato, 91",02 98282885,02 46519533,ateco,esatto,https://www.paginegialle.it/san-giuliano-milanese-mi/congressi-impianti/heron-international,77.39.94,"Noleggio di strutture ed attrezzature per manifestazioni e spettacoli: impianti luce ed audio senza operatore, palchi, stand ed addobbi luminosi"
Sotto il Monte Giovanni XXIII,29.0,V.D.S. MONTAGE SRL,01584150161,Allestimento,Eventi e manifestazioni - impianti ed attrezzature,1209003,2024,169033,da 3 a 5,"Via Privata A. Bernasconi, 6 - 24039 Sotto il Monte Giovanni XXIII (BG)","Via Privata A. Bernasconi, 6",035 797066,,categoria,esatto,https://www.paginegialle.it/sotto-il-monte-giovanni-xxiii-bg/fiere-allestimenti/v.d.s.-montage,16.23.22,
Pozzo d'Adda,29.6,TRITTICO INTERNATIONAL S.R.L.,13300360156,Allestimento,Eventi e manifestazioni - impianti ed attrezzature,1081681,2024,162935,da 3 a 5,"Via Fermi Enrico, 3 - 20060 Pozzo d'Adda (MI)","Via Enrico Fermi, 3",02 90967206,,categoria,esatto,https://www.paginegialle.it/pozzo-d-adda-mi/congressi-impianti/trittico-international-s-r-l,82.99.99,Altri servizi di sostegno alle imprese nca
Opera,29.9,RE.LOG. SOCIETA' COOPERATIVA,11018260965,Facchinaggio,"Facchinaggio, carico e scarico merci, portabagagli",1902396,,,,"Via Giuseppe di Vittorio, 20 - 20073 Opera (MI)","Via Milano, 37/C",02 41409987,,ateco,altra-sede,https://www.paginegialle.it/opera-mi/facchinaggio/re-log-societa-cooperativa,52.24,Movimentazione merci
Opera,30.9,LVA SRL,11297360155,Allestimento,Eventi e manifestazioni - impianti ed attrezzature,1770597,2024,303227,da 6 a 9,"Via Lambro, 28 - 20090 Opera (MI)","Via Lambro, 28",02 57604132,,categoria,esatto,https://www.paginegialle.it/opera-mi/stands/l.v.a.,31.01.21,Fabbricazione di altri mobili metallici per ufficio e negozi
Arsago Seprio,31.4,VIEFFE GROUP SRL,03735830121,Facchinaggio,"Facchinaggio, carico e scarico merci, portabagagli",294541,2022,101150,da 10 a 15,"Via Boccaccio Giovanni, 6 - 21010 Arsago Seprio (VA)","Via Boccaccio, 6",0331 1443313,,ateco,esatto,https://www.paginegialle.it/arsago-seprio-va/facchinaggio/vieffe-group-s-r-l,52.24.4,Movimento merci relativo ad altri trasporti terrestri
Paullo,32.3,GIDAF SOC. COOP.,04596760969,Facchinaggio,"Facchinaggio, carico e scarico merci, portabagagli",3274899,,,,"Via Manzoni Alessandro, 28 - 20067 Paullo (MI)","Via Manzoni, 28",02 49465364,,categoria,esatto,https://www.paginegialle.it/paullo-mi/facchinaggio/g-i-m,81.21,Pulizia generale (non specializzata) di edifici
Pontirolo Nuovo,35.6,MG TENDOSTRUTTURE EVENTI S.R.L.,10691390966,Allestimento,Eventi e manifestazioni - impianti ed attrezzature,1871241,2024,312973,da 6 a 9,"Via Ca' Treviglio, 22 - 24040 Pontirolo Nuovo (BG)","Corso Milano, 27",324 6339608,,ateco,altra-sede,https://www.paginegialle.it/pontirolo-nuovo-bg/congressi-impianti/mg-tendostrutture-eventi-s-r-l,77.39.94,"Noleggio di strutture ed attrezzature per manifestazioni e spettacoli: impianti luce ed audio senza operatore, palchi, stand ed addobbi luminosi"
Brembate di sopra,35.7,COLMACH S.R.L.,02933440162,Facchinaggio,"Facchinaggio, carico e scarico merci, portabagagli",7595612,2024,6720987,da 100 a 199,"Via XXV Aprile, 40 - 24030 Brembate di sopra (BG)","Via Xxv Aprile, 40",035 332511,,categoria,esatto,https://www.paginegialle.it/brembate-di-sopra-bg/promozione-industriale/colmach,82.92.2,Imballaggio e confezionamento di generi non alimentari
Dalmine,36.4,CASTELLANO S.R.L.S.,04345070165,Facchinaggio,"Cooperative produzione, lavoro e servizi",509937,2023,390689,da 10 a 15,"Via Umberto I, 19 - 24044 Dalmine (BG)","Via Umberto I, 19",035 19901457,,ateco,esatto,https://www.paginegialle.it/dalmine-bg/consulenza/castellano-s-r-l-s,52.24,Movimentazione merci
Treviolo,37.9,PIXIESOUND S.R.L.S.,04619070164,Allestimento,"Audiovisivi apparecchi ed impianti - produzione, commercio e noleggio",890725,2023,220542,da 3 a 5,"Via Cadorna Maresciallo, 118 - 24048 Treviolo (BG)","Via Maresciallo Cadorna, 118",035 6305812,,ateco,esatto,https://www.paginegialle.it/treviolo-bg/audiovisivi-apparecchi-ed-impianti/pixiesound-s-r-l-s,90.02.01,Noleggio con operatore di strutture ed attrezzature per manifestazioni e spettacoli
Verdello,38.2,ITAL COOP SERVICE SOCIETA' COOPERATIVA,02344350166,Facchinaggio,Ricerca e selezione del personale,879868,,,,"Corso Italia, 12 - 24049 Verdello (BG)","Corso Italia, 12",035 4821255,035 4821966,ateco,esatto,https://www.paginegialle.it/verdello-bg/ricerca-del-personale/ital-coop.-service,52.24.4,Movimento merci relativo ad altri trasporti terrestri
Castel Rozzone,38.9,SOUND SERVICE DI PELLICCIOLI ANGELO SRL,04284310168,Allestimento,"Audiovisivi apparecchi ed impianti - produzione, commercio e noleggio",3051508,2023,438140,da 16 a 19,"Via Monte Arera, 12 - 24040 Castel Rozzone (BG)","Via Monte Arera, 12",0363 816651,,ateco,via,https://www.paginegialle.it/castel-rozzone-bg/audiovisivi-apparecchi-ed-impianti/sound-service-noleggio-amplificazione-luci-video-l,77.39.94,"Noleggio di strutture ed attrezzature per manifestazioni e spettacoli: impianti luce ed audio senza operatore, palchi, stand ed addobbi luminosi"
Calvenzano,39.2,MUSIC IN BOX SRL,03517460162,Allestimento,"Audiovisivi apparecchi ed impianti - produzione, commercio e noleggio",1649404,2024,316367,da 10 a 15,Via Treviglio - 24040 Calvenzano (BG),"Via Treviglio, 40",347 8756776,339 6967488,ateco,esatto,https://www.paginegialle.it/music-in-box-brembate-bg,90.02.01,Noleggio con operatore di strutture ed attrezzature per manifestazioni e spettacoli
Stezzano,40.2,ADDITIONAL SERVICES SOCIETA' A RESPONSABILITA' LIMITATA,04324540246,Facchinaggio,"Facchinaggio, carico e scarico merci, portabagagli",3443608,2023,1088118,da 16 a 19,"Viale Industria, 6/A - 24040 Stezzano (BG)","Viale Industria, 6/A",035 3050778,,categoria,esatto,https://www.paginegialle.it/stezzano-bg/facchinaggio/additional-services-societa-a-responsabilita-limitata,49.41,Trasporto di merci su strada
Bergamo,40.8,EUROBICA - SOCIETA' COOPERATIVA,02758700161,Facchinaggio,"Cooperative produzione, lavoro e servizi",2324542,,,,"Via dei Caniana', 6 - 24127 Bergamo (BG)","Via Dei Caniana, 6/A",035 402856,035 2652842,ateco,esatto,https://www.paginegialle.it/bergamo-bg/eurobica-societa-cooperativa,52.24,Movimentazione merci
Bergamo,41.8,MANZONI E MANZONI SRL,00308970169,Allestimento,Eventi e manifestazioni - impianti ed attrezzature,889413,2024,190435,da 3 a 5,"Via delle Canovine, 62 - 24126 Bergamo (BG)","Via Delle Canovine, 62",035 312280,035 316231,ateco,esatto,https://www.paginegialle.it/bergamo-bg/stands/manzoni-manzoni_2,16.23.21,
Bergamo,44.5,CARMINATI ALLESTIMENTI S.R.L.,02740710161,Allestimento,Eventi e manifestazioni - impianti ed attrezzature,2734836,2024,371446,da 10 a 15,"Via Correnti Cesare, 45 - 24124 Bergamo (BG)","Via Cesare Correnti, 45",035 342084,035 342140,categoria,esatto,https://www.paginegialle.it/bergamo-bg/fiere-allestimenti/carminati-allestimenti,73.11.02,Conduzione di campagne di marketing e altri servizi pubblicitari
Grassobbio,45.7,SG LIGHTING SRL,03671200164,Allestimento,Eventi e manifestazioni - impianti ed attrezzature,1084583,2024,230373,da 3 a 5,"Via Cristoforo Colombo, 45/X - 24050 Grassobbio (BG)","Via Colombo, 45/50",035 335782,,ateco,esatto,https://www.paginegialle.it/grassobbio-bg/sg-lighting-scarpellini-giambattista-c,90.02.01,Noleggio con operatore di strutture ed attrezzature per manifestazioni e spettacoli
Cilavegna,48.2,LA NUOVA RINASCENTE - SOCIETA' COOPERATIVA A RESPONSABILITA' LIMITATA,00825300189,Facchinaggio,Imprese di pulizia,4097697,,,,"Via G. Galilei, 12 - 27024 Cilavegna (PV)","Via Galileo Galilei, 12/14",0381 969813,,ateco,esatto,https://www.paginegialle.it/nuovarinas,52.24.4,Movimento merci relativo ad altri trasporti terrestri
Trescore Balneario,53.4,LUCKY LIGHT SOCIETA' A RESPONSABILITA' LIMITATA SEMPLIFICATA,04575260163,Allestimento,Eventi e manifestazioni - impianti ed attrezzature,591552,2024,145245,da 6 a 9,"Via Galileo Galilei, 94 - 24069 Trescore Balneario (BG)","Via Torre, 12",035 9491328,,categoria,senza-titolare,https://www.paginegialle.it/trescore-balneario-bg/lucky-light-longaretti-luca,43.29.09,Altri lavori di costruzione e installazione nca
Chiuduno,55.1,A.L. ALLESTIMENTI S.R.L.,03351490168,Allestimento,Eventi e manifestazioni - impianti ed attrezzature,5865480,2023,2036204,da 20 a 49,"Via della Castrina, 4 - 24060 Chiuduno (BG)","Via Della Castrina, 4/A",035 4427290,035 4427293 · 035 8361304,ateco,esatto,https://www.paginegialle.it/chiuduno-bg/congressi-impianti/a-l-allestimenti-s-r-l,77.39.94,"Noleggio di strutture ed attrezzature per manifestazioni e spettacoli: impianti luce ed audio senza operatore, palchi, stand ed addobbi luminosi"
