Data,Da,Account IG,Nome,Comune,Segmento,Tipo,Lista
@_u_nails_yuliia,Pretty Nails di Yuliia,Brescia (BS),"SCARTATO: sito vivo nailsbyyuliiaslo.com (verifica-sito.py, 2026-09-12)"
@alexandra.nails.artist,Alexandra Nails,Mazzano (BS),"SCARTATO: sito vivo alexandranails.es (verifica-sito.py, 2026-09-12)"
@av_nailart_studio_,AV Nailart Beauty,Desenzano del Garda (BS),"SCARTATO: sito vivo queenbeautydesenzano.it (verifica-sito.py, 2026-09-12)"
@nailsbyvale.brescia,Vale Nails,Bovezzo (BS),"SCARTATO: sito vivo nailsvalentinacademy.com (verifica-sito.py, 2026-09-12)"
@barber__pro_abdol_brescia,Barber Pro 2,Brescia (BS),
@aurora_truccopermanente,Aurora Trucco Permanente,Desenzano del Garda (BS),"SCARTATO: sito vivo secretmakeup.it (verifica-sito.py, 2026-09-12)"
@gelatoalquadrato,Gelato al Quadrato,Bergamo (BG),"NO dalla posta il 16/09: «Abbiamo gia' un sito». Gancio 1 sbagliato, lista del 09/09"
@esteticaoxacuneo,Estetica Oxa,Cuneo (CN),"SCARTATO: sito vivo esteticaoxa.it «Estetista a Cuneo | Centro Estetico OXA» (verifica-sito.py, 2026-09-17)"
@slimnowcenter,SlimNOW,Cirie' (TO),"SCARTATO: sito vivo slimnowcenter.it «SlimNow - Centro estetico a Cirie'» (verifica-sito.py, 2026-09-17)"
