Lista,Luogo,Settore,Stato,Righe,Ultima lista,Nota
siti,MB,tatuatori e piercing,esaurito,0,,"12/09: 1 riga su 7 profili, sei avevano il sito"
siti,MB,barbieri,parziale,2,2026-09-11,
siti,MB,parrucchieri,parziale,8,2026-09-11,
siti,MB,unghie,parziale,21,2026-09-11,
siti,MB,estetica,parziale,12,2026-09-11,
siti,CO,tatuatori e piercing,esaurito,20,2026-09-30,"30/09: 30 profili, 5 righe (oltre alle 15 del 10/09). Finito per resa"
siti,CO,"ciglia, sopracciglia e PMU",parziale,2,2026-09-10,
siti,CO,parrucchieri,parziale,4,,
siti,CO,unghie,parziale,6,2026-09-10,
siti,CO,estetica,parziale,3,2026-09-10,
siti,CO,trucco sposa e wedding,parziale,2,,
siti,CO,toelettature e dog trainer,esaurito,4,2026-09-30,"30/09: 29 profili, 1 riga. Finito per resa"
siti,CO,ristorazione,parziale,36,2026-09-30,"30/09: 21 righe, rende circa una ogni 3. Aperto: la prossima lista CO riparte da qui"
siti,MI,unghie,parziale,8,2026-09-12,
siti,MI,estetica,parziale,1,2026-09-12,
siti,LC,tatuatori e piercing,parziale,10,2026-09-30,"30/09: aperto, 1 riga"
siti,LC,parrucchieri,parziale,2,,
siti,LC,unghie,parziale,5,2026-09-10,
siti,LC,estetica,parziale,1,,
siti,LC,toelettature e dog trainer,esaurito,6,2026-09-30,"30/09: 31 profili, 5 righe. Finito per resa"
siti,LC,ristorazione,parziale,19,2026-09-09,
siti,VA,tatuatori e piercing,parziale,26,2026-09-10,
siti,VA,barbieri,parziale,8,2026-09-10,
siti,VA,"ciglia, sopracciglia e PMU",parziale,5,2026-09-10,
siti,VA,parrucchieri,parziale,13,2026-09-10,
siti,VA,unghie,parziale,10,2026-09-10,
siti,VA,estetica,parziale,10,2026-09-10,
siti,VA,fotografi e videomaker,parziale,1,,
siti,VA,trucco sposa e wedding,parziale,3,,
siti,VA,toelettature e dog trainer,parziale,3,2026-09-10,
siti,VA,ristorazione,parziale,31,2026-09-09,
siti,VA,altro,parziale,1,2026-09-10,righe sparse di settori fuori elenco
siti,BG,tatuatori e piercing,parziale,14,2026-09-10,
siti,BG,barbieri,parziale,4,2026-09-14,
siti,BG,"ciglia, sopracciglia e PMU",parziale,20,2026-09-16,
siti,BG,parrucchieri,parziale,10,2026-09-14,
siti,BG,unghie,parziale,17,2026-09-16,
siti,BG,estetica,parziale,22,2026-09-16,
siti,BG,fotografi e videomaker,parziale,1,,
siti,BG,trucco sposa e wedding,parziale,2,,
siti,BG,ristorazione,parziale,12,2026-09-09,
siti,NO,tatuatori e piercing,parziale,2,2026-09-21,
siti,NO,barbieri,parziale,10,2026-09-25,
siti,NO,"ciglia, sopracciglia e PMU",parziale,13,2026-09-29,
siti,NO,parrucchieri,parziale,3,2026-09-23,
siti,NO,unghie,parziale,1,2026-09-17,
siti,NO,fotografi e videomaker,parziale,3,2026-09-23,
siti,NO,trucco sposa e wedding,parziale,1,2026-09-23,
siti,VB,tatuatori e piercing,parziale,1,2026-09-21,
siti,VB,barbieri,parziale,4,2026-09-25,
siti,VB,"ciglia, sopracciglia e PMU",parziale,5,2026-09-29,
siti,VB,parrucchieri,parziale,1,2026-09-19,
siti,VB,unghie,parziale,1,2026-09-17,
siti,VC,barbieri,parziale,5,2026-09-25,
siti,VC,"ciglia, sopracciglia e PMU",parziale,4,2026-09-29,
siti,VC,parrucchieri,parziale,3,2026-09-19,
siti,VC,estetica,parziale,1,2026-09-17,
siti,VC,fotografi e videomaker,parziale,1,2026-09-23,
siti,BS,tatuatori e piercing,parziale,27,2026-10-05,"5/10: 38 profili, 25 righe. Aperta, rende 2 su 3; Pagine Gialle BS finita"
siti,BS,barbieri,parziale,6,2026-09-14,
siti,BS,"ciglia, sopracciglia e PMU",parziale,14,2026-09-13,
siti,BS,parrucchieri,parziale,23,2026-09-14,
siti,BS,unghie,parziale,25,2026-09-13,
siti,BS,estetica,parziale,5,2026-09-13,
siti,BI,barbieri,parziale,2,2026-09-25,
siti,BI,"ciglia, sopracciglia e PMU",parziale,7,2026-09-29,
siti,BI,parrucchieri,parziale,3,2026-09-19,
siti,BI,unghie,parziale,1,2026-09-17,
siti,BI,fotografi e videomaker,parziale,2,2026-09-23,
siti,AL,tatuatori e piercing,parziale,4,2026-09-21,
siti,AL,barbieri,parziale,16,2026-09-25,
siti,AL,"ciglia, sopracciglia e PMU",parziale,15,2026-09-29,
siti,AL,parrucchieri,parziale,10,2026-09-19,
siti,AL,unghie,parziale,8,2026-09-17,
siti,AL,estetica,parziale,1,2026-09-17,
siti,AL,fotografi e videomaker,parziale,2,2026-09-23,
siti,AL,trucco sposa e wedding,parziale,2,2026-09-23,
siti,AT,tatuatori e piercing,parziale,1,2026-09-21,
siti,AT,barbieri,parziale,6,2026-09-25,
siti,AT,"ciglia, sopracciglia e PMU",parziale,6,2026-09-29,
siti,AT,parrucchieri,parziale,5,2026-09-23,
siti,AT,unghie,parziale,3,2026-09-17,
siti,AT,estetica,parziale,2,2026-09-17,
siti,AT,fotografi e videomaker,parziale,1,2026-09-23,
siti,AT,trucco sposa e wedding,parziale,1,2026-09-23,
siti,TO,tatuatori e piercing,parziale,30,2026-09-21,
siti,TO,barbieri,parziale,44,2026-09-25,
siti,TO,"ciglia, sopracciglia e PMU",parziale,49,2026-09-29,
siti,TO,parrucchieri,parziale,17,2026-09-23,
siti,TO,unghie,parziale,12,2026-09-17,
siti,TO,estetica,parziale,11,2026-09-23,
siti,TO,fotografi e videomaker,parziale,13,2026-09-23,
siti,TO,trucco sposa e wedding,parziale,11,2026-09-23,
siti,CN,tatuatori e piercing,parziale,8,2026-09-21,
siti,CN,barbieri,parziale,18,2026-09-25,
siti,CN,"ciglia, sopracciglia e PMU",parziale,11,2026-09-29,
siti,CN,parrucchieri,parziale,9,2026-09-25,
siti,CN,estetica,parziale,4,2026-09-17,
siti,CN,fotografi e videomaker,parziale,4,2026-09-23,
siti,CN,trucco sposa e wedding,parziale,3,2026-09-23,
siti,TI,toelettature e dog trainer,parziale,2,2026-09-10,
siti,TI,altro,parziale,1,2026-09-10,righe sparse di settori fuori elenco
ricerca,MB,falegnamerie,esaurito,5,2026-09-29,"30/09: 28 profili, 3 righe. Finito per resa"
ricerca,MB,impiantisti,esaurito,5,2026-09-29,"30/09: 30 profili, 1 riga. Finito per resa"
ricerca,MB,officine e carrozzerie,esaurito,11,2026-09-29,"30/09: 31 profili, 5 righe. Finito per resa: le strutturate sono quasi solo concessionarie"
ricerca,MB,edilizia e serramenti,esaurito,11,2026-09-29,"30/09: 33 profili, 5 righe. Finito per resa"
ricerca,MB,ingrossi e distribuzione,esaurito,6,2026-09-30,"30/09: 30 profili, 5 righe. Finito per resa"
ricerca,MB,trasporti e logistica,esaurito,3,2026-09-30,"30/09: 30 profili, 2 righe. Autotrasportatori sotto i 200 follower o fermi"
ricerca,MB,alimentari artigianali,esaurito,12,2026-09-30,"30/09: 26 profili, 10 righe. Fonti finite"
ricerca,MB,aziende agricole con vendita,esaurito,12,2026-09-30,"30/09: 35 profili, 11 righe. Fonti finite (nomi PG esauriti)"
ricerca,MB,altro,parziale,11,2026-09-29,righe sparse di settori fuori elenco
ricerca,CO,falegnamerie,esaurito,3,2026-10-02,"2/10: 27 profili, 2 righe. Finito per resa"
ricerca,CO,impiantisti,parziale,4,2026-09-29,
ricerca,CO,officine e carrozzerie,parziale,19,2026-09-30,"30/09: 27 profili, 11 righe. Aperto, rende"
ricerca,CO,meccanica e carpenterie,parziale,4,2026-09-30,"30/09: vicla, 1 riga"
ricerca,CO,edilizia e serramenti,parziale,28,2026-10-02,"2/10: 64 profili, 20 righe. Aperta, rende 1 su 3"
ricerca,CO,ingrossi e distribuzione,parziale,2,2026-09-29,
ricerca,CO,aziende agricole con vendita,parziale,1,2026-09-29,
ricerca,CO,altro,parziale,6,2026-09-19,righe sparse di settori fuori elenco
ricerca,MI,falegnamerie,esaurito,8,2026-10-02,"2/10: 31 profili, 4 righe (+1 trovata dal giro CO). Finito per resa"
ricerca,MI,studi tecnici,parziale,2,2026-09-29,
ricerca,MI,impiantisti,parziale,7,2026-09-25,
ricerca,MI,officine e carrozzerie,esaurito,28,2026-10-07,"7/10: 48 profili, 8 righe. Finito per resa: 18 fermi, 16 piccoli; le strutturate sono concessionarie"
ricerca,MI,meccanica e carpenterie,parziale,4,2026-09-25,
ricerca,MI,edilizia e serramenti,parziale,47,2026-10-02,"2/10: 11 righe; operatore fermato prima del resoconto, profili non contati"
ricerca,MI,ingrossi e distribuzione,parziale,28,2026-10-05,"5/10: 81 profili, 19 righe. Aperta, fonti finite a una riga dalla quota"
ricerca,MI,trasporti e logistica,parziale,7,2026-09-23,
ricerca,MI,alimentari artigianali,parziale,23,2026-10-02,"2/10: 67 profili, 20 righe. Aperta, rende 1 su 3,4"
ricerca,MI,aziende agricole con vendita,parziale,23,2026-10-05,"5/10: 57 profili, 20 righe. Aperta, rende 1 su 3: restano nomi nel Parco Sud e Ticino"
ricerca,MI,altro,parziale,21,2026-09-25,righe sparse di settori fuori elenco
ricerca,LC,falegnamerie,esaurito,4,2026-10-07,"7/10: 30 profili, 3 righe. Finito per resa: 12 fermi, 7 fuori provincia, 5 negozi"
ricerca,LC,studi tecnici,parziale,3,2026-09-29,
ricerca,LC,impiantisti,parziale,3,2026-09-29,
ricerca,LC,officine e carrozzerie,esaurito,9,2026-10-07,"7/10: 44 profili, 8 righe. Finito per resa: 15 fermi, 12 piccoli"
ricerca,LC,meccanica e carpenterie,parziale,1,2026-09-25,
ricerca,LC,edilizia e serramenti,esaurito,20,2026-10-05,"5/10: 72 profili, 15 righe. Finito per resa e Pagine Gialle finita: 22 fermi, 14 sotto i 200 follower"
ricerca,LC,alimentari artigianali,parziale,2,2026-10-05,"5/10: 1 profilo, 1 riga. Riserva da una riga; scorta da Pagine Gialle: Butti, Bonfanti, Marco d Oggiono, 5 caseifici, 8 torrefazioni"
ricerca,LC,aziende agricole con vendita,parziale,2,2026-09-29,
ricerca,LC,altro,parziale,1,2026-09-23,righe sparse di settori fuori elenco
ricerca,VA,falegnamerie,parziale,3,2026-09-29,
ricerca,VA,studi tecnici,parziale,1,2026-09-29,
ricerca,VA,impiantisti,parziale,4,2026-09-29,
ricerca,VA,officine e carrozzerie,parziale,4,2026-09-25,
ricerca,VA,meccanica e carpenterie,parziale,1,2026-09-23,
ricerca,VA,edilizia e serramenti,parziale,8,2026-09-23,
ricerca,VA,ingrossi e distribuzione,parziale,2,2026-09-29,
ricerca,VA,alimentari artigianali,parziale,1,2026-09-25,
ricerca,VA,aziende agricole con vendita,parziale,2,2026-09-29,
ricerca,VA,altro,parziale,3,2026-09-19,righe sparse di settori fuori elenco
ricerca,BG,falegnamerie,parziale,6,2026-09-29,
ricerca,BG,studi tecnici,parziale,3,2026-09-29,
ricerca,BG,impiantisti,parziale,7,2026-09-29,
ricerca,BG,officine e carrozzerie,parziale,13,2026-09-25,
ricerca,BG,meccanica e carpenterie,parziale,3,2026-09-13,
ricerca,BG,edilizia e serramenti,parziale,25,2026-09-25,
ricerca,BG,ingrossi e distribuzione,parziale,8,2026-09-29,
ricerca,BG,trasporti e logistica,parziale,4,2026-09-25,
ricerca,BG,alimentari artigianali,parziale,4,2026-09-25,
ricerca,BG,aziende agricole con vendita,parziale,3,2026-09-17,
ricerca,BG,altro,parziale,17,2026-09-25,righe sparse di settori fuori elenco
ricerca,LO,officine e carrozzerie,parziale,2,2026-09-12,
ricerca,LO,edilizia e serramenti,parziale,1,2026-09-12,
ricerca,LO,alimentari artigianali,parziale,2,2026-09-29,
ricerca,LO,aziende agricole con vendita,parziale,2,2026-09-29,
ricerca,LO,altro,parziale,1,2026-09-29,righe sparse di settori fuori elenco
ricerca,PV,studi tecnici,parziale,1,2026-09-29,
ricerca,PV,impiantisti,parziale,1,2026-09-23,
ricerca,PV,officine e carrozzerie,parziale,1,2026-09-21,
ricerca,PV,edilizia e serramenti,parziale,3,2026-09-23,
ricerca,PV,ingrossi e distribuzione,parziale,1,2026-09-19,
ricerca,PV,trasporti e logistica,parziale,3,2026-09-23,
ricerca,PV,alimentari artigianali,parziale,3,2026-09-29,
ricerca,PV,aziende agricole con vendita,parziale,2,2026-09-29,
ricerca,PV,altro,parziale,2,2026-09-16,righe sparse di settori fuori elenco
ricerca,SO,falegnamerie,parziale,2,2026-09-29,
ricerca,SO,officine e carrozzerie,parziale,2,2026-09-23,
ricerca,SO,edilizia e serramenti,parziale,4,2026-09-29,
ricerca,SO,altro,parziale,3,2026-09-29,righe sparse di settori fuori elenco
ricerca,BS,falegnamerie,parziale,16,2026-10-07,"7/10: 44 profili, 12 righe. Aperta, rende 1 su 4; fermata per tempo"
ricerca,BS,studi tecnici,parziale,1,2026-09-13,
ricerca,BS,impiantisti,parziale,7,2026-09-29,
ricerca,BS,officine e carrozzerie,parziale,11,2026-09-25,
ricerca,BS,meccanica e carpenterie,parziale,6,2026-09-25,
ricerca,BS,edilizia e serramenti,esaurito,26,2026-10-05,"5/10: 30 profili, 5 righe. Finito per resa: 13 sotto i 200 follower, 5 morti, 10 gia contattati"
ricerca,BS,ingrossi e distribuzione,parziale,10,2026-09-29,
ricerca,BS,trasporti e logistica,parziale,2,2026-09-25,
ricerca,BS,alimentari artigianali,parziale,4,2026-09-25,
ricerca,BS,aziende agricole con vendita,parziale,4,2026-09-23,
ricerca,BS,altro,parziale,46,2026-09-25,righe sparse di settori fuori elenco
ricerca,CR,impiantisti,parziale,2,2026-09-29,
ricerca,CR,officine e carrozzerie,parziale,6,2026-09-25,
ricerca,CR,edilizia e serramenti,parziale,3,2026-09-29,
ricerca,CR,alimentari artigianali,parziale,2,2026-09-29,
ricerca,CR,aziende agricole con vendita,parziale,3,2026-09-29,
ricerca,MN,falegnamerie,parziale,1,2026-09-12,
ricerca,MN,impiantisti,parziale,1,2026-09-29,
ricerca,MN,officine e carrozzerie,parziale,3,2026-09-21,
ricerca,MN,ingrossi e distribuzione,parziale,1,2026-09-23,
ricerca,MN,aziende agricole con vendita,parziale,3,2026-09-29,
siti,MB,toelettature e dog trainer,esaurito,6,2026-09-29,"29-30/09: 36 profili, 6 righe. Finito per resa: sotto i 200 follower, franchising, dentro i pet shop"
siti,MB,"personal trainer, pilates e yoga",esaurito,3,2026-09-29,"30/09: 31 profili, 3 righe. Finito per resa. Dagli hashtag restano una quindicina di insegnanti mai aperti"
siti,MB,pasticcerie e cake designer,esaurito,3,2026-09-29,"30/09: 30 profili, 3 righe. Finito per resa, 4 gia contattate"
siti,MB,"sartorie, atelier e tappezzieri",esaurito,0,2026-09-29,"30/09: 17 profili, 0 righe. Finito: la ricerca non restituisce altri profili di MB"
siti,MB,fotografi e videomaker,esaurito,4,2026-09-29,"30/09: 30 profili, 4 righe. Finito per resa: quasi tutti hanno il sito"
siti,MB,fioristi e wedding planner,esaurito,4,2026-09-29,"30/09: 29 profili, 4 righe. Finito per resa"
siti,MB,ristorazione,esaurito,2,2026-09-29,"30/09: 31 profili, 2 righe. Finito per resa"
ricerca,MB,meccanica e carpenterie,esaurito,1,2026-09-30,"30/09: 30 profili, 1 riga. Su PG 246 officine meccaniche, 2 con Instagram"
siti,CO,"personal trainer, pilates e yoga",esaurito,2,2026-09-30,"30/09: 30 profili, 2 righe. Finito per resa"
siti,CO,pasticcerie e cake designer,esaurito,15,2026-09-30,"30/09: 78 profili, 15 righe. Fonti finite"
siti,CO,"sartorie, atelier e tappezzieri",esaurito,2,2026-09-30,"30/09: 20 profili, 2 righe. Fonti finite"
siti,CO,fotografi e videomaker,parziale,3,2026-09-30,"30/09: 22 profili, 3 righe. I fotografi del lago hanno quasi tutti il sito"
siti,CO,fioristi e wedding planner,parziale,3,2026-09-30,"30/09: 17 profili, 1 riga"
ricerca,MB,studi tecnici,esaurito,0,2026-09-30,"30/09: 9 profili, 0 righe. 376 schede PG, una con Instagram: fonti finite"
siti,LC,"personal trainer, pilates e yoga",esaurito,7,2026-09-30,"30/09: 31 profili, 7 righe. Profili da trovare finiti"
siti,LC,pasticcerie e cake designer,esaurito,9,2026-09-30,"30/09: 30 profili, 9 righe. Profili da trovare finiti"
siti,LC,"sartorie, atelier e tappezzieri",esaurito,3,2026-09-30,"30/09: 20 profili, 3 righe. Profili da trovare finiti"
siti,MI,toelettature e dog trainer,esaurito,18,2026-10-07,"7/10: 37 profili, 4 righe. Finito per resa: 14 fuori provincia, 9 col sito"
siti,MI,tatuatori e piercing,parziale,49,2026-10-07,"7-8/10: 90 profili, 24 righe. Aperta, rende 1 su 4; fermata per nomi finiti, 17 col sito"
siti,BS,toelettature e dog trainer,esaurito,17,2026-10-02,"2/10: 99 profili, 17 righe. Finito per resa: 35 fuori provincia, 20 col sito"
siti,NO,toelettature e dog trainer,esaurito,4,2026-10-02,"2/10: 30 profili, 4 righe. Finito per resa"
siti,LC,fotografi e videomaker,parziale,10,2026-10-02,"2/10: 35 profili, 10 righe. Fermata per fonti finite, non per resa: PG, matrimonio.com e Yahoo ridanno gli stessi nomi, quasi tutti col sito"
siti,MI,"sartorie, atelier e tappezzieri",esaurito,27,2026-10-07,"7/10: 30 profili, 4 righe. Finito per resa: 15 col sito"
siti,MI,"personal trainer, pilates e yoga",parziale,7,2026-10-02,"2/10: 10 righe scritte, 3 tolte (1 sito probabile, 2 su Fresha non nominata); operatore fermato, profili non contati"
siti,MI,fotografi e videomaker,esaurito,7,2026-10-05,"5/10: 40 profili, 7 righe. Finito per resa: 12 col sito, 8 sotto i 200 follower, 7 morti; 20 fotografi MI stanno gia nella lista sartorie del 2/10"
siti,MI,fioristi e wedding planner,parziale,19,2026-10-05,"5/10: 61 profili, 19 righe. Fermata per motori bloccati, non per resa: matrimonio.com e la pagina del profilo reggono"
siti,BG,toelettature e dog trainer,parziale,23,2026-10-05,"5/10: 108 profili, 23 righe. Fermata per fonti finite: 46 fuori provincia, 16 col sito"
siti,MI,pasticcerie e cake designer,parziale,8,2026-10-05,"5/10: 20 profili, 8 righe. Riserva da 8, rende 2 su 5; Pagine Gialle 397 schede, restano nomi (Lambertini e Micake col gancio 6 tenuti fuori)"
siti,LC,fioristi e wedding planner,parziale,7,2026-10-05,"5/10: 25 profili, 7 righe. Riserva da 7, rende 1 su 3,5; su matrimonio.com restano 10 fioristi e tutti i wedding planner"
siti,BS,"sartorie, atelier e tappezzieri",esaurito,4,2026-10-07,"7/10: 33 profili, 4 righe. Finito per resa: 10 sotto i 200 follower, 8 col sito, 7 fuori zona"
siti,BS,"personal trainer, pilates e yoga",parziale,26,2026-10-07,"7-8/10: 105 profili, 26 righe. Aperta, rende 1 su 4; 33 col sito. Startpage era la fonte migliore, ora esclusa (chiede autorizzazioni)"
siti,LO,toelettature e dog trainer,esaurito,6,2026-10-07,"7-8/10: 35 profili, 6 righe. Finito per resa e fonti finite: 11 sotto i 200 follower"
ricerca,LC,ingrossi e distribuzione,parziale,18,2026-10-07,"7/10: circa 65 profili, 18 righe. Aperta, rende 1 su 3-4; fermata per fonti finite (Pagine Gialle in 429)"
